{
  "lexicon": [
    {
      "label": "Chrono 10",
      "definition": "Avec Chrono 10, vous bénéficiez d'une livraison de vos envois le lendemain avant 10 h, avec remise contre signature. Ce service est disponible vers près de 25 000 communes de France métropolitaine et Monaco.<br /><br />Offre disponible en bureaux de poste (sur le libre service d'affranchissement et en option sur les emballages Prêt-à-Expédier Chrono 13) et en ligne sur www.chronopost.fr."
    },
    {
      "label": "Chrono 13",
      "definition": "Avec Chrono 13, vous bénéficiez d'une livraison de vos envois le lendemain avant 13 h, avec remise contre signature. Ce service est disponible vers toutes les communes de France métropolitaine et Monaco.<br /><br />Offre disponible en bureaux de poste et en ligne sur www.chronopost.fr."
    },
    {
      "label": "Chrono Classic",
      "definition": "Avec Chrono Classic, vous bénéficiez d'un service de livraison rapide de vos envois dans 27 pays européens en 2 jours dans les principaux centres économiques (en 2 à 4 jours vers les autres destinations).<br /><br />Offre disponible en ligne sur www.chronopost.fr."
    },
    {
      "label": "Chrono Express DOM",
      "definition": "Avec Chrono Express, vous bénéficiez d'une livraison de vos envois en 48h* au départ de métropole vers les DOM et au départ des DOM vers la métropole, avec remise contre signature, pour tous vos envois jusqu'à 30 kg.<br /><br />Offre disponible en bureaux de poste et en ligne sur www.chronopost.fr.<br /><br />*Meilleur délai indicatif en jours ouvrés"
    },
    {
      "label": "Chrono Express Europe",
      "definition": "Avec Chrono Express, vous bénéficiez d'une livraison de vos envois en express le lendemain* dans les principaux centres économiques européens (livraison en 1 à 2 jours vers les autres destinations), avec remise contre signature.<br /><br />Offre disponible en bureaux de poste et en ligne sur www.chronopost.fr. <br /><br />*Meilleur délai indicatif"
    },
    {
      "label": "Chrono Express Monde",
      "definition": "Avec Chrono Express, vous bénéficiez d'une livraison de vos envois en express en 2 jours* dans les principaux centres économiques mondiaux (livraison en 2 à 4 jours vers les autres destinations), avec remise contre signature.<br /><br />Offre disponible en bureaux de poste et en ligne sur www.chronopost.fr.<br /><br />*Meilleur délai indicatif en jours ouvrés"
    },
    {
      "label": "Chrono Premium",
      "definition": "Avec Chrono Premium, vous bénéficiez d'un service de livraison de vos envois le lendemain de leur expédition avant 10h30 dans les principales villes européennes.<br /><br />Offre disponible en ligne sur www.chronopost.fr."
    },
    {
      "label": "Chrono Relais",
      "definition": "L'offre Chrono Relais est une alternative à la livraison à domicile: votre envoi est disponible le lendemain à partir de 13h dans l'un des 6000 relais pickup de votre choix.<br /><br />Offre disponible en ligne sur www.chronopost.fr."
    },
    {
      "label": "Chronopost Emballages Prêt-à-Expédier Chrono 13",
      "definition": "Avec les emballages Prêt-à-Expédier Chrono 13, vous bénéficiez d'une solution tout-en-un pour une livraison de vos envois en express le lendemain avant 13 h, vers toutes les communes de France métropolitaine et Monaco. Les formats d'emballages sont adaptés à vos envois de documents et marchandises jusqu'à 6 kg. Une option de livraison le lendemain avant 10 h est disponible au moment du dépôt en bureau de poste.<br /><br />Offre disponible en bureaux de poste."
    },
    {
      "label": "Chronopost Emballages Prêt-à-Expédier départ DOM destination France métropolitaine",
      "definition": "Avec les emballages Prêt-à-Expédier Chrono Express Métropole, vous bénéficiez d'une solution tout-en-un pour une livraison de vos envois en express en 48 h* vers la métropole. Les formats d'emballages sont adaptés à vos envois de documents et marchandises jusqu'à 12 kg.<br /><br />Offre disponible en bureaux de poste.<br /><br />*Meilleur délai indicatif en jours ouvrés"
    },
    {
      "label": "Chronopost Emballages Prêt-à-Expédier départ France métropolitaine destination DOM",
      "definition": "Avec les emballages Prêt-à-Expédier Chrono Express Outre-Mer+Monde, vous bénéficiez d'une solution tout-en-un pour une livraison de vos envois en express en 48 h* vers les DOM. Les formats d'emballages sont adaptés à vos envois de documents et marchandises jusqu'à 6 kg.<br /><br />Offre disponible en bureaux de poste.<br /><br />*Meilleur délai indicatif en jours ouvrés"
    },
    {
      "label": "Chronopost Emballages Prêt-à-Expédier Monde",
      "definition": "Avec les emballages Prêt-à-Expédier Chrono Express Outre-Mer+Monde, vous bénéficiez d'une solution tout-en-un pour une livraison de vos envois en express en 2 jours* dans les principaux centres économiques mondiaux (livraison en 2 à 4 jours vers les autres destinations). Les formats d'emballages sont adaptés à vos envois de documents et marchandises jusqu'à 6 kg.<br /><br />Offre disponible en bureaux de poste.<br /><br />*Meilleur délai indicatif en jours ouvrés"
    },
    {
      "label": "Chronopost Emballages Prêt-à-Expédier Union Européenne",
      "definition": "Avec les emballages Prêt-à-Expédier Chrono Express Union Européenne, vous bénéficiez d'une solution tout-en-un pour une livraison de vos envois en express le lendemain* dans les principaux centres économiques de l'Union Européenne (livraison en 1 à 2 jours vers les autres destinations). Les formats d'emballages sont adaptés à vos envois de documents et marchandises jusqu'à 6 kg.<br /><br />Offre disponible en bureaux de poste.<br /><br />*Meilleur délai indicatif"
    },
    {
      "label": "Colis Economique Outre-Mer",
      "definition": "Avec Colissimo Economique Outre-Mer, vous bénéficiez d'un service d'acheminement économique et non urgent de vos marchandises n'excédant pas 30 kg vers les DOM*, Saint-Martin, Saint-Barthélemy, Saint-Pierre et Miquelon, Polynésie Française, Nouvelle Calédonie, Wallis et Futuna, les Terres Australes et Antarctiques Françaises (TAAF).<br /><br />Vos colis sont livrés dans un délai de 18 à 27 jours ouvrés et directement remis dans les boîtes à lettres des destinataires.<br /><br />*DOM (départements d'Outre-Mer) : Guadeloupe, Guyane, Martinique, Réunion, Mayotte."
    },
    {
      "label": "Colissimo Emballage France contre signature",
      "definition": "Avec Colissimo Emballage France, vous bénéficiez d'une solution tout en un pour un envoi rapide de marchandises n'excédant pas 7 kg. Le prix comprend un emballage solide et adapté, l'affranchissement, une preuve de dépôt, une indemnisation intégrée, la livraison contre signature au destinataire et le suivi du colis, du dépôt à la livraison."
    },
    {
      "label": "Colissimo Emballage France en boîte à lettres",
      "definition": "Avec Colissimo Emballage France, vous bénéficiez d'une solution tout en un pour un envoi rapide de marchandises n'excédant pas 3 kg. Le prix comprend un emballage solide et adapté, l'affranchissement, une preuve de dépôt, une indemnisation intégrée, la livraison dans la boîte à lettres du destinataire et le suivi du colis, du dépôt à la livraison."
    },
    {
      "label": "Colissimo Emballage International",
      "definition": "Avec Colissimo Emballage International, vous bénéficiez d'une solution tout en un pour un envoi rapide de marchandises n'excédant pas 7 kg. Le prix comprend un emballage solide et adapté, l'affranchissement, une preuve de dépôt, une indemnisation intégrée, la livraison contre signature au destinataire et le suivi du colis, du dépôt à la livraison (selon les destinations)."
    },
    {
      "label": "Colissimo Emballage Outre-Mer",
      "definition": "Avec Colissimo Emballage Outre-Mer*, vous bénéficiez d'une  solution tout en un pour un envoi rapide de marchandises n'excédant pas 7 kg. Le prix comprend un emballage solide et adapté, l'affranchissement, une preuve de dépôt, une indemnisation intégrée, la livraison contre signature au destinataire et le suivi du colis, du dépôt à la livraison.<br /><br />* Guadeloupe, Guyane, Martinique, Réunion, Saint-Martin, Saint-Barthélemy, Mayotte, Saint-Pierre et Miquelon, Polynésie Française, Nouvelle Calédonie, Wallis et Futuna, les Terres Australes et Antarctiques Françaises (TAAF)."
    },
    {
      "label": "Colissimo France",
      "definition": "Avec Colissimo, vous bénéficiez d'un service simple, rapide et suivi pour envoyer vos colis. Ces derniers sont directement remis dans les boîtes à lettres des destinataires."
    },
    {
      "label": "Colissimo International",
      "definition": "Avec Colissimo International, vous bénéficiez d'un acheminement rapide de marchandises et d'options adaptées à vos besoins."
    },
    {
      "label": "Colissimo Outre-Mer",
      "definition": "Avec Colissimo Outre-Mer, vous bénéficiez d'un service d'acheminement rapide et suivi de vos marchandises n'excédant pas 30 kg vers les DOM*, Saint-Martin, Saint-Barthélemy, Saint-Pierre et Miquelon, Polynésie Française, Nouvelle Calédonie, Wallis et Futuna, les Terres Australes et Antarctiques Françaises (TAAF).<br /><br />Vos colis sont directement remis dans les boîtes à lettres des destinataires.<br /><br />*DOM (départements d'Outre-Mer) : Guadeloupe, Guyane, Martinique, Réunion, Mayotte."
    },
    {
      "label": "Colissimo Recommandé France",
      "definition": "Assurez et suivez vos envois de colis importants en France avec le service de recommandation de ColiPoste et bénéficiez d'un choix d'options adaptées à vos besoins."
    },
    {
      "label": "Colissimo Recommandé Outre-Mer",
      "definition": "Avec Colissimo Recommandé Outre-Mer, vous bénéficiez, avec toute la sécurité du service de recommandation, d'un acheminement rapide de marchandises n'excédant pas 30 kg vers les DOM*, Saint-Martin, Saint-Barthélemy, Saint-Pierre et Miquelon, Polynésie Française, Nouvelle Calédonie, Wallis et Futuna, les Terres Australes et Antarctiques Françaises (TAAF).<br /><br />*DOM (départements d'Outre-Mer) : Guadeloupe, Guyane, Martinique, Réunion, Mayotte."
    },
    {
      "label": "Postexport Marchandises",
      "definition": "Postexport Marchandises, c'est une gamme d'emballages préaffranchis pour vos envois de marchandises jusqu'à 2kg en service Prioritaire vers le monde entier."
    },
    {
      "label": "Prêt-à-Poster Lettre Max",
      "definition": "Le Prêt-à-Poster Lettre Max est une enveloppe pré-affranchie, suivie et assurée dédiée à l'envoi de petits objets de faible valeur."
    }
  ]
}
