{
  "title": "Conditions générales du service « Envoi de cartes personnalisées »",
  "articles": [
    {
      "title": "",
      "description": "Le service « Envoi de cartes personnalisées » est soumis aux Conditions Générales de vente et de service ci-après. La Poste invite l'Utilisateur à prendre intégralement connaissance :<br>I) des présentes Conditions Générales du Service « Envoi de cartes personnalisées »;<br>II) des Conditions Générales de Vente Courrier-Colis de La Poste qui complètent les Conditions Générales du Service « Envoi de cartes personnalisées » :<br><a href=\"http://www.laposte.fr/Particulier/Envoyez-et-recevez-des-colis/Conditions-generales-de-vente-applicables-aux-prestations-Courrier-Colis-de-La-Poste\">http://www.laposte.fr/Particulier/Envoyez-et-recevez-des-colis/Conditions-generales-de-vente-applicables-aux-prestations-Courrier-Colis-de-La-Poste</a><br>En cas de divergence entre les Conditions Générales de Vente applicables aux prestations Courrier-Colis de La Poste et les Conditions Générales du Service « Envoi de cartes personnalisées », ces dernières priment.<br>Les relations avec La Poste seront régies par l'ensemble de ces Conditions."
    },
    {
      "title": "Article 1. Définitions",
      "description": "Chaque terme débutant ci-après par une majuscule a le sens qui lui est donné dans sa définition qui figure au présent article.<br>• <strong>Application</strong>: désigne le logiciel propriété de La Poste permettant de fournir le Service « Envoi de cartes personnalisées » à tout Utilisateur.<br>• <strong>Cartes personnalisées</strong> ou encore la « Carte » ou les « Cartes »: désigne la carte créée par l'Utilisateur depuis le Service « Envoi de cartes personnalisées », à partir du Visuel de son choix, imprimée par La Poste et distribuée sous enveloppe au format 100x150 mm.<br>• <strong>Personnalisation</strong> désigne l'opération consistant pour l’Utilisateur à transmettre à La Poste son Visuel afin que celui-ci figure sur sa Carte personnalisée.<br>• <strong>Service « Envoi de cartes personnalisées » ou encore le \"Service\"</strong> désigne le Service de La Poste permettant au Client de créer et d'envoyer des Cartes personnalisées à partir de l’Application.<br>• <strong>Utilisateur</strong> désigne tout mobinaute utilisant l'Application « Envoi de cartes personnalisées ».<br>• <strong>Visuel</strong> désigne tous les éléments fournis par l’Utilisateur (texte, dessin, photographie, marque ...) pour personnaliser sa Carte."
    },
    {
      "title": "Article 2. OBJET ET MODIFICATIONS DES CONDITIONS GENERALES (CG)",
      "description": "<strong>2.1 Objet des CG</strong><br>Le présent document constitue les CG du Service et a pour objet de définir leurs modalités et conditions d'utilisation. L'utilisation du Service est subordonnée au respect des présentes CG.<br>Les CG s'appliquent à tout accès et toute consultation du Service par un Utilisateur ainsi qu'à toute utilisation du Service par ce dernier.<br>L'acceptation des CG par tout Utilisateur est un préalable indispensable et obligatoire. Cette acceptation résulte d'un clic sur la case figurant en regard de la mention « Accepter ».<br><br><strong>2.2 Modifications des CG</strong><br>La Poste se réserve le droit d'apporter des modifications aux CG (y compris ses modalités de fourniture). Toute modification entre en vigueur à compter de sa date de mise en ligne sur l'Application. Tout Utilisateur est réputé avoir accepté la nouvelle version des CG du simple fait de la poursuite de l'utilisation du Service.<br>Chaque achat qui sera effectué par un Utilisateur est régi par les CG applicables à la date de la commande."
    },
    {
      "title": "ARTICLE 3. DESCRIPTION DU SERVICE",
      "description": "Le Service « Envoi de cartes personnalisées »est mis à la disposition de l'Utilisateur, pour ses besoins propres et dans le cadre de ses correspondances personnelles avec les destinataires identifiés de son choix disposant d'une adresse postale. Il s'agit d'une Application permettant à l'Utilisateur de composer et d'envoyer des Cartes personnalisées.<br>Le Service « Envoi de cartes personnalisées »permet la composition et l'envoi d'une véritable carte postale personnalisée par l'Utilisateur. Cette Carte personnalisée est composée des éléments suivants:<br>1. Au recto figure soit un Visuel personnel chargé par l'Utilisateur depuis son iPhone, son compte Facebook ou Instagram (sous réserve qu'il soit au format JPEG) soit une photo prise directement depuis l'Application par l'Utilisateur. L'Application réduira automatiquement la taille des Visuels à un poids maximum d'un (1) Mo;<br>2. Au verso de la Carte personnalisée figure le message libellé par l'Utilisateur à destination du destinataire, ainsi que l'adresse de ce destinataire. Le message et l'adresse doivent respecter la norme ISO 8859-1 pour le codage des caractères. Le destinataire de la Carte peut être domicilié en France ou dans tout autre pays.<br>Dans la mesure où l'Utilisateur a correctement renseigné tous les champs nécessaires à la réalisation de la Carte, La Poste l'imprime et l'achemine auprès du destinataire.<br>L'Utilisateur est informé que le Visuel de la Carte personnalisée proposé pour validation par l'Utilisateur avant impression et acheminement est susceptible d'être différent de celui de la Carte personnalisée (mise en page de la Carte, police utilisée, couleurs, etc.). En aucun cas la différence de Visuel n'est susceptible d'engager la responsabilité de La Poste.<br>Ce Service est payant."
    },
    {
      "title": "ARTICLE 4. COUTS D'UTILISATION DU SERVICE",
      "description": "Le Service est accessible par le réseau Internet. Les frais de connexion sont à la charge de l'Utilisateur.<br>Il appartient à l'Utilisateur de s'abonner à Internet et de disposer de la configuration nécessaire à l'utilisation du Service (toutes versions iPhone à partir de iOS 3.1.3) et de disposer d'une adresse électronique de messagerie valide et configurée sur son téléphone mobile."
    },
    {
      "title": "ARTICLE 5. PROCEDURE D’UTILISATION DU SERVICE",
      "description": "L'utilisation du Service nécessite que l'Utilisateur fournisse des informations personnelles le concernant ainsi que le destinataire des Cartes personnalisées.<br>L'Utilisateur s'engage à fournir une adresse e-mail exacte, complète et mise à jour pour pouvoir accéder au paiement de sa Carte personnalisée. Dans le cas où les informations fournies sont inexactes, incomplètes ou obsolètes, l'Utilisateur sera seul responsable de tout défaut dans l'exécution du Service.<br>L'Utilisateur utilise le Service sous son entière responsabilité. Il reconnaît que sa responsabilité peut être engagée, notamment en cas d'usurpation d'identité. L'Utilisateur s'engage à utiliser le service conformément aux CG, et à la réglementation en vigueur.<br>L'Utilisateur accepte de n'utiliser le Service qu'aux seules fins autorisées par (i) les présentes Conditions Générales du Service« Envoi de cartes personnalisées », (ii) les Conditions Générales de Vente Courrier-Colis de La Poste,(iii) et toute loi, tout règlement ou toute pratique ou directive généralement acceptée dans les juridictions concernées.<br>En conséquence, l'Utilisateur reconnaît être le seul et unique responsable à l'égard du Service de tous actes effectués à partir de ses données communiquées lors de l'inscription.<br>L'Utilisateur autorise le Service par les présentes Conditions Générales à enregistrer et à utiliser, par traitement informatique, les informations fournies par l'Utilisateur.<br>L'Utilisateur reconnait dès lors que le Service pourra ainsi adresser à toute personne pour lesquelles il a fourni leurs  coordonnées postales des courriers postaux. La Poste ne pourra être tenue responsable de toute perte ou dommage survenant en cas de manquement aux obligations du présent article."
    },
    {
      "title": "ARTICLE 6. COMMANDE",
      "description": "L'Utilisateur crée sa Carte conformément au descriptif visé à l'article 3 des présentes Conditions Générales.<br>Il procède à l'acceptation des CG.<br>Il passe commande par Internet par l'intermédiaire de l'Application. Pour ce faire, l'Utilisateur doit compléter les coordonnées du destinataire de la Carte, saisir son adresse e-mail valide et procéder aux opérations de paiement, par carte bancaire via le système proposé sur l'Application.<br>Pour chaque commande, l'Utilisateur s'engage à vérifier le récapitulatif de sa commande précisant les caractéristiques de sa Carte personnalisée et le montant total à payer.<br>Ces étapes de validation et de paiement nécessitent d'être connectées à Internet (les coûts de connexion auprès du fournisseur d'accès à Internet sont à la charge de l'Utilisateur).<br>Toute commande enregistrée sur l'Application est réputée ferme et définitive, aucun droit de rétractation ne pouvant s'exercer (voir article 10).<br>La confirmation de la commande de la Carte personnalisée se fait sur la base d'un courrier électronique envoyé à l'Utilisateur à l'adresse de messagerie électronique déclarée par l'Utilisateur lors de sa commande.<br>Cette confirmation comprend notamment:<br>• les caractéristiques essentielles de l’article acheté;<br>• le numéro de la commande;<br>• l'indication en euros TTC du prix des produits achetés.<br>La date de validation de la commande correspond la date de la commande."
    },
    {
      "title": "ARTICLE 7. PRIX ET PAIEMENT",
      "description": "<strong>7.1 Prix</strong><br>7.1.1 Le téléchargement de l'Application est gratuit (hors coût de l'opérateur de connexion au réseau).<br>7.1.2 Les commandes de Cartes personnalisées sont quant à elles payantes. Si l’Utilisateur envoie sa Carte personnalisée dans une zone géographique hors de la France Métropolitaine, dans cette hypothèse, le prix de la Carte sera  augmenté du prix de l’affranchissement spécifique à la zone considérée.<br>L’Utilisateur est invité à consulter les Conditions Générales de Ventes Courrier-Colis de La Poste sur le lien suivant :<br><a href=\"http://www.laposte.fr/Particulier/Envoyez-et-recevez-des-colis/Conditions-generales-de-vente-applicables-aux-prestations-Courrier-Colis-de-La-Poste\">http://www.laposte.fr/Particulier/Envoyez-et-recevez-des-colis/Conditions-generales-de-vente-applicables-aux-prestations-Courrier-Colis-de-La-Poste</a><br>Les prix sont valables uniquement à la date de passation de commande. Les prix facturés sont ceux indiqués sur l'Application au moment de l'enregistrement de la commande et sont exprimés en euros, toutes taxes comprises (TTC). Ils peuvent être modifiés à tout moment.<br><strong>7.2. Le paiement de la Carte personnalisée</strong>Le paiement s’effectue par carte bancaire ou via payLib sous réserve que l’Utilisateur ait  préalablement activé cette option auprès de sa banque. La Poste se réserve le droit de compléter, modifier ou supprimer, à tout moment et sans préavis, les moyens de paiement proposés.<br>Le montant de la commande est débité au moment de la validation de la commande. Le processus de traitement de la commande est alors enclenché (à l'exception des périodes de week-end et de jours fériés). Si le paiement n'est pas accepté ou effectué, la procédure d'achat en cours est annulée et les éléments présélectionnés sont effacés.<br>Lors du paiement des commandes de l'Utilisateur par carte Bancaire, la transmission de ses coordonnées bancaires au serveur de paiement Scellius qui gère les transactions bancaires, se fait de façon sécurisée (cryptage SSL).<br>Les coordonnées bancaires de l'Utilisateur doivent être saisies à chaque commande. Elles sont utilisées uniquement pour la transaction de paiement. Elles ne sont pas stockées dans l'Application.<br><strong>7. 3 Récapitulatif de commande</strong><br>Un e-mail confirmant le paiement est envoyé à l'Utilisateur dans les plus brefs délais à l'adresse de messagerie électronique déclarée lors de la commande par l'Utilisateur."
    },
    {
      "title": "ARTICLE 8. ACHEMINEMENT ET DISTRIBUTION DE LA CARTE PERSONNALISEE",
      "description": "<strong>8.1</strong> Une fois transmise à La Poste via l'Application puis imprimée, la Carte est distribuée sous enveloppe en lettre prioritaire pour un envoi hors métropole et en lettre verte pour tous les envois en France métropolitaine selon les conditions prévues dans les CGV Courrier Colis consultable sur le lien suivant :<br><a href=\"http://www.laposte.fr/Particulier/Envoyez-et-recevez-des-colis/Condition\">http://www.laposte.fr/Particulier/Envoyez-et-recevez-des-colis/Condition</a><br><strong>8.2</strong> Les Cartes payées seront livrées à l'adresse du destinataire indiquée dans la commande par l'Utilisateur.<br><strong>8.3</strong> Le délai de réception de la Carte peut varier de deux (2) à quinze (15) jours ouvrés à compter de la validation de la commande. Le délai ci-dessus mentionné est un délai moyen, en fonction de la destination et du mode d'expédition. Le dépassement de ce délai ne peut donner lieu à aucune annulation de la commande, aucune réduction du prix payé par l'Utilisateur, et aucun versement au titre de dommages et intérêts. Néanmoins, ce délai est donné à titre indicatif et La Poste ne saurait être tenu responsable en cas de dépassement.<br><strong>8.4</strong> La Poste se réserve le droit de refuser d'effectuer une livraison ou d'honorer une commande émanant d'un Utilisateur qui n'aurait pas réglé totalement ou partiellement une commande précédente ou avec lequel un litige de paiement serait en cours d'administration."
    },
    {
      "title": "Article 9. QUALITE DES VISUELS",
      "description": "<strong>9.1 Qualité des Visuels</strong><br>Pour les besoins des présentes, l'Utilisateur met à la disposition de La Poste des Visuels qui doivent être de qualité suffisante pour permettre la conception des Cartes.<br>Ces Visuels doivent ainsi respecter a minima la qualité suivante afin de ne pas subir de dégradation à l'impression: 835x1228 pixels.<br>La différence de qualité entre le Visuel transmis par l'Utilisateur, et celui imprimé sur la Carte, peut concerner les couleurs ou encore l'aspect, notamment du fait de la qualité du Visuel d'origine mais également de la qualité d'affichage de l'écran de l'appareil utilisé.<br>L'Utilisateur reconnaît que la qualité d'impression des Cartes repose sur la qualité du Visuel fourni à La Poste.<br>De même, l'Utilisateur doit s'assurer lui-même du choix des Visuels qu'il insère dans l'Application et du cadrage de ceux-ci.<br>La Poste ne remplacera et ni ne remboursera les Cartes dont la qualité serait jugée insatisfaisante par l'Utilisateur.<br>Enfin, l'Utilisateur déclare que les fichiers et les données qu'il transmet à La Poste ne sont en aucun cas les seuls et uniques fichiers et données qu'il détient, mais qu'il en conserve des doubles par ailleurs, sous sa responsabilité. L'Utilisateur reconnaît et accepte que La Poste ne supporte aucune responsabilité au titre de la perte des fichiers et des données transmises par lui à La Poste."
    },
    {
      "title": "ARTICLE 10. RETRACTATION",
      "description": "<strong>10.1</strong> En application de l'article L 121-21-8 3º du Code de la consommation, le droit de rétractation ne peut être exercé dans le cadre du présent Service de Carte personnalisée, compte tenu notamment des délais de mise en œuvre du Service que l'Utilisateur a accepté en passant sa commande."
    },
    {
      "title": "ARTICLE 11. RESPONSABILITE",
      "description": "<strong>11.1</strong> La responsabilité de La Poste est engagée conformément aux dispositions légales et réglementaires qui lui sont applicables, notamment celles du Code des postes et des communications électroniques.<br><strong>11.2</strong> Il est rappelé à l'Utilisateur que le Service proposé par l'Application relève de la correspondance privée. La Poste n'exerce, par conséquent, aucun contrôle ni surveillance desdits messages accompagnant l'envoi des Cartes.<br>A ce titre, les parents ou tuteurs sont invités à surveiller l'utilisation qui est faite du Service par leurs enfants mineurs. L'Utilisateur est expressément informé que les fichiers stockés, utilisés et transmis dans le cadre du Service sont sous leur seule responsabilité.<br>Par conséquent, seul l'Utilisateur du Service assumera la responsabilité tant civile que pénale des contenus transmis via le Service.<br>Néanmoins, La Poste alerte l'Utilisateur sur la nécessité de respecter les lois et règlements en vigueur concernant le contenu des Cartes envoyées dans le cadre du Service. L'Utilisateur s'interdit de stocker, télécharger ou envoyer toute donnée prohibée, illicite, illégale, contraire aux bonnes mœurs, la décence, ou l'ordre public et portant atteinte ou tant susceptibles de porter atteinte aux droits de tiers.<br>La Poste ne saurait être tenue pour responsable du caractère illégal des photos et/ou messages au regard des lois et réglementations en vigueur. L'Utilisateur s'interdit donc de stocker, télécharger ou transmettre toute photo et/ou message qui pourrait être illicite, soit notamment constitutif d'incitation à la réalisation de crimes et délits, de provocation à la discrimination, à la haine ou à la violence en raison de la race, de l'ethnie ou de la nation, d'apologie du nazisme, de contestations de l'existence de crimes contre l'humanité, d'atteinte à l'autorité de la justice, d'informations relatives à des procès en cours, ou à une situation fiscale individuelle, de diffusion hors des conditions autorisées de sondages et simulations de vote relatifs une élection ou un referendum, de diffamation et d'injure, d'atteinte la vie prive, ou encore d'actes mettant en péril des mineurs, de même que tout fichier destiné à exhiber des objets et/ou des ouvrages interdits, cette énumération n'étant pas limitative.<br>De même, l'Utilisateur s'interdit d'utiliser des Visuels portant atteinte à l'image de La Poste et notamment suggérant un caractère officiel postal (ex. RF, La Poste, France, LP, Nº AT...), reproduisant un timbre-poste français ou étranger, ou reproduisant d'une manière générale, des marques, emblèmes et modèles déposés par La Poste.<br>L'Utilisateur s'engage à se conformer à l'ensemble des lois et réglementations en vigueur concernant l'interdiction de la diffusion d'images pornographiques, obscènes, ou de nature à porter gravement atteinte à la dignité humaine.<br>L'Utilisateur déclare être le propriétaire légal de toutes les photos utilisées dans le cadre du Service et qu'elles sont libres de tous droits. L'Utilisateur ne peut enregistrer ou transmettre des fichiers qui enfreignent les droits de propriété d'autres personnes, comme des textes, des images, des secrets commerciaux, des informations internes ou confidentielles, cette énumération n'étant pas limitative.<br>L'Utilisateur ne peut enregistrer ou transmettre des photos qui révèlent les affaires privées ou personnelles d'une quelconque personne sans son accord express et préalable. L'Utilisateur s'engage ce que chaque personne représentée ait donné son accord pour l'utilisation et la diffusion de son image.<br> <strong>11.3 Absence de contrôle par La Poste:</strong><br>S'agissant de correspondances privées, l'Utilisateur est expressément informé que La Poste n'exerce aucun contrôle ni surveillance des fichiers transmis dans le cadre de l'utilisation du Service. Toutefois, l'Utilisateur reconnaît être informé que si La Poste est alerté par un tiers et par quelque moyen que ce soit du caractère illicite d'un contenu transmis via le Service, La Poste remettra lesdits contenus aux autorités judiciaires ou règlementaires compétentes qui les traiteront en conséquence. La Poste se réserve également le droit, en fonction de la qualification juridique des manquements allégués en cause, de résilier l'accès au Service de l'Utilisateur à l'origine des contenus litigieux et se réserve le droit de mettre en œuvre tous les moyens de droit utiles de nature.<br><strong>11.4 Utilisation du Service:</strong><br>L'Utilisateur est informé que les Cartes peuvent être envoyées à des destinataires non souhaités si l'adresse indiquée lors de la commande n'est pas correcte.<br>Dans ce cas, La Poste ne saurait être tenue pour responsable si les photos sont envoyées par erreur à un tiers qui n'était pas le destinataire souhaité par l'Utilisateur.<br>Le Service est réservé aux particuliers pour un usage strictement privé.<br>L'Utilisateur s'engage donc à n'envoyer que des fichiers de travaux photos amateurs, par définition sans valeur marchande, et donc non destinés à des fins professionnelles ou lucratives. L'Utilisateur s'engage expressément à ne faire aucune utilisation commerciale du Service.<br>La Poste ne pourra être tenue pour responsable en cas d'utilisation abusive du Service, notamment si l'Utilisateur envoie une quantité excessive de Cartes aux destinataires.<br>La Poste ne pourra être tenue pour responsable du préjudice indirect que pourrait subir l'Utilisateur ou destinataire lors de la fourniture ou de l'utilisation du Service. Les parties reconnaissent que sont notamment considérés comme préjudices indirects, tout préjudice moral, commercial ou financier ainsi que toute action dirigée contre l'Utilisateur par un tiers, cette liste n'étant pas exhaustive.<br><strong>11.5 La Poste n'encourt aucune responsabilité lorsque le dommage résulte:</strong><br>• des actes, négligences ou erreurs de l'Utilisateur ou de tiers et du non-respect des obligations qui résultent du des présentes CG;<br>• d'un cas de force majeure. De façon expresse, sont considérés comme tels les grèves totales ou partielles, lock-out, émeute, trouble civil, insurrection, guerre, intempérie, épidémie, blocage des moyens de transport ou d'approvisionnement pour quelque raison que ce soit, tremblement de terre, incendie, tempête, inondation, dégâts des eaux, restrictions gouvernementales ou légales, modifications légales ou réglementaires des formes de commercialisation, panne d'ordinateur, blocage des communications, y compris des réseaux de télécommunications filaires ou hertziens, toute remise en cause des fondements mathématiques régissant la théorie des algorithmes cryptographiques, utilisés pour les infrastructures à clé publique et tout autre cas indépendant de la volonté des parties empêchant l'exécution normale des CG.<br><strong>11.6</strong> Dans tous les cas, la responsabilité de La Poste à quelque titre que ce soit est limitée à deux (2) fois le prix de la Carte facturée à l'Utilisateur quel que soit le nombre de réclamations ou d'actions engagées.<br><strong>11.7</strong> La Poste ne peut en aucun cas être tenue pour responsable de la fiabilité de la transmission des données, des temps d'accès, des éventuelles restrictions d'accès sur le réseau Internet ou les réseaux qui lui sont connectés. La responsabilité de La Poste ne peut être engagée en cas d'interruption des réseaux d'accès à l'Application, d'indisponibilité totale ou partielle de l'Application résultant notamment de l'opérateur de télécommunications, en cas d'erreur de transmission ou de problèmes liés à la sécurité des transmissions, en cas de défaillance notamment du matériel de réception."
    },
    {
      "title": "ARTICLE 12. MODIFICATION OU SUSPENSION DU SERVICE",
      "description": "La Poste peut être amenée à interrompre son Service, notamment, pour des raisons de maintenance.<br>Ces interruptions n'ouvrent droit à aucune indemnité."
    },
    {
      "title": "ARTICLE 13. RECLAMATION",
      "description": "Afin d'éviter toute réclamation tardive, et notamment pour permettre à La Poste de préserver tous les éléments de preuve, l'Utilisateur devra notifier à La Poste sa réclamation afférente au Service. Cette notification devra, à peine de forclusion, indiquer de manière précise les erreurs, manquements ou retards constatés et devra être adressée au plus tard dans les quinze (15) jours suivant la survenance de l'événement susceptible d'engager la responsabilité de La Poste.<br>La Poste s'engage à prendre en compte la réclamation des Utilisateurs dès la réception de la demande à l'adresse suivante :<br><a href=\"serviceclient.cartepersonnalisee@eservices-laposte.fr\">serviceclient.cartepersonnalisee@eservices-laposte.fr</a><br>La Poste est en droit de demander tous les justificatifs ou preuves à l'Utilisateur permettant à La Poste d'instruire la réclamation.<br>Si la réclamation concerne une commande précise, l'Utilisateur devra préciser le numéro de commande."
    },
    {
      "title": "ARTICLE 14. PROPRIETE INTELLECTUELLE",
      "description": "Les contenus mis disposition de l'Utilisateur sont protégés par la Convention de Berne et le code de la propriété intellectuelle. Toute reproduction totale ou partielle doit préalablement faire l'objet d'un accord préalable écrit des éditeurs de chaque contenu proposé. Seule est autorisée la reproduction unique pour l'usage strictement privé de l'Utilisateur. Toute autre reproduction, distribution, transmission ou publication sans l'accord préalable des ayant-droits est interdite.<br>Tous les éléments constitutifs de l'Application, qu'ils soient visuels ou sonores, y compris la technologie sous-jacente, sont protégés par le droit d'auteur, des marques ou des brevets. Ils sont la propriété exclusive de La Poste."
    },
    {
      "title": "ARTICLE 15. LOI INFORMATIQUE ET LIBERTES",
      "description": "Les informations et données concernant l'Utilisateurs sont nécessaires à la gestion de sa commande et aux relations commerciales entre La Poste et l'Utilisateur. Ces informations et données sont également conservées à des fins de sécurité, afin de respecter les obligations légales et réglementaires et pour permettre à La Poste d'améliorer et personnaliser les services qu'elle adresse à l'Utilisateur.<br>Conformément à la loi nº 78-17 du 6 janvier 1978, relative à l'Informatique, aux Fichiers et aux Libertés, l'Utilisateur dispose d'un droit d'accès, de rectification et d'opposition aux données personnelles le concernant qu'il peut exercer à l'adresse suivante:<br><a href=\"serviceclient.cartepersonnalisee@eservices-laposte.fr\">serviceclient.cartepersonnalisee@eservices-laposte.fr</a>"
    },
    {
      "title": "ARTICLE 16. CONVENTION DE PREUVE",
      "description": "Les Parties décident que la preuve de leurs obligations contractuelles sera rapportée de la manière suivante:<br>- Concernant l'accord des Parties:<br>Il est convenu que le fait de cliquer sur le bouton «je paye et j'accepte les cg» manifeste le consentement de l'acheteur, et entraîne son acception desdites Conditions Générales. Par ailleurs, il est convenu que la commande de Cartes Electroniques ou Rematérialisées est valablement conclue auprès de La Poste en application des présentes CG lorsque l'Utilisateur, identifié par l'Application lors de son adhésion au Service, clique sur l'icône \"valider\" après avoir saisi son numéro de carte bancaire et que La Poste a accepté ce paiement après vérification des coordonnées bancaires.<br>En cas de contestation concernant la réalité ou les modalités de la transaction, les enregistrements informatiques fournis par le serveur de paiement bancaire sécurisé vaudront preuve entre les parties.<br>Les Parties acceptent qu'en cas de litige les identifiants utilisés dans le cadre du Service soient admissibles devant les tribunaux et feront preuve des données et des faits qu'ils contiennent.<br>Les Parties acceptent qu'en cas de litige, les données de connexion relatives à des actions effectuées à partir des identifiants de l'Utilisateur soient admissibles devant les tribunaux et fassent preuve des données et des faits qu'ils contiennent.<br>La preuve contraire peut être rapportée."
    },
    {
      "title": "ARTICLE 17. REGLEMENT DES LITIGES - TRIBUNAL COMPETENT - LOI APPLICABLE",
      "description": "A défaut de règlement amiable, en cas de litige relatif à l'interprétation, la formation ou l'exécution des CG et faute d'être parvenus à un accord amiable ou à une transaction, les Parties donnent compétence expresse et exclusive aux tribunaux compétents du ressort de Paris, nonobstant pluralité de défendeurs ou d'action en référé ou d'appel en garantie ou de mesure conservatoire.<br>En cas de litige relatif à l'interprétation, la formation, la validité ou l'exécution des CG, les Parties reconnaissent de manière expresse que seule la loi française est applicable."
    }
  ]
}
