{
  "complete": {
    "title":"Merci pour<br>votre commande !",
    "visual":"../assets/images/visual.png",
    "text": {
      "ios" : "N'hésitez pas à continuer l'expérience Carte Personnalisée avec l'application MaCartamoi disponible sur l'Apple Store.",
      "android" : "N'hésitez pas à continuer l'expérience Carte Personnalisée avec l'application MaCartamoi sur Google Play."
    },

    "links": [
      {
        "android" : {
          "label":"Télécharger<br>sur Google Play",
          "desc":"",
          "link":"https://play.google.com/store/apps/details?id=com.laposte.android.carte&hl=fr_FR",
          "type":"../assets/images/macartamoi.jpg"
        },
        "ios" : {
          "label":"Télécharger<br>sur iTunes",
          "desc":"",
          "link":"https://itunes.apple.com/fr/app/macartamoi/id407947855?mt=8",
          "type":"../assets/images/macartamoi.jpg"
        }
      },
      {
        "label":"Retour à l'accueil",
        "desc":"",
        "link":"#accueil",
        "type":""
      }
    ]
  },
  "cancel": {
    "title":"Un problème est survenu !",
    "visual":"../assets/images/visual.png",
    "text":"N'hésitez pas à continuer l'expérience Carte Personnalisée avec l'application MaCartamoi disponible sur l'Apple Store.",
    "links": [
      {
        "label":"Télécharger<br>sur iTunes",
        "desc":"",
        "link":"https://itunes.apple.com/fr/app/macartamoi/id407947855?mt=8",
        "type":"../assets/images/macartamoi.jpg"
      },
      {
        "label":"Retour à l'accueil",
        "desc":"",
        "link":"#accueil",
        "type":""
      }
    ]
  }
}
