{
  "didacticiel": [
   {
      "title": "Source de la photo",
      "description": "Prenez une photo ou sélectionnez-la depuis votre téléphone, Facebook ou Instagram.",
      "img": "../assets/images/didacticiel/didacticiel_1.jpg"
   },
   {
      "title": "Message",
      "description": "Ecrivez un message comme sur une vraie carte postale.",
      "img": "../assets/images/didacticiel/didacticiel_2.jpg"
   },
   {
      "title": "Destinataire",
      "description": "Renseignez l'adresse de votre destinataire.",
      "img": "../assets/images/didacticiel/didacticiel_3.jpg"
   },
   {
      "title": "Commande",
      "description": "Commandez votre carte postale à partir de 2,49€ (prix à partir de, au départ de la France vers la France). Vous recevrez votre carte dans un délai minimal de 4 jours.",
      "img": "../assets/images/didacticiel/didacticiel_4.jpg"
   },
   {
      "title": "Envoi",
      "description": "La Poste imprime, met sous enveloppe et envoie votre carte personnalisée.",
      "img": "../assets/images/didacticiel/didacticiel_5.jpg"
   }
  ]
}
