{
  "faq": [
    {
      "question": "Comment créer et envoyer une carte personnalisée ?",
      "answer": "1. Prenez une photo ou sélectionnez-en une depuis votre iPhone ou via votre compte Facebook ou Instagram.<br><br>2. Ecrivez votre message.<br><br>3. Visualisez votre carte (recto-verso).<br><br>4. Renseignez le nom et l'adresse du destinataire de votre carte.<br><br>5. Saisissez puis confirmez votre adresse électronique.<br><br>6. Réglez votre carte par Carte Bancaire.<br><br><span class=\"asterisk\">* Important : vous devez être titulaire des droits applicables aux visuels que vous aurez sélectionnés pour créer votre carte. Vous devez également vous conformer aux lois et règlements en vigueur conformément aux dispositions prévues dans les Conditions Générales d’Utilisation (CGU) de l’Application.</span>"
    },
    {
      "question": "Pourquoi dois-je communiquer mon adresse électronique ?",
      "answer": "Cette information est nécessaire à La Poste pour vous identifier et pour vous faire parvenir le mail de confirmation et de paiement de votre commande de carte personnalisée.<br><br>En cas de réclamation relative à une commande, vous devrez rappeler au Service Clients votre adresse électronique ainsi que votre Numéro de Commande."
    },
    {
      "question": "Vers quelles destinations puis-je envoyer des cartes personnalisées ?",
      "answer": "Vous avez la possibilité d’envoyer des cartes personnalisées partout dans le monde.<br>Les cartes sont affranchies et envoyées à partir de la France métropolitaine, quel que soit le pays depuis lequel vous utilisez l’application pour envoyer votre carte."
    },
    {
      "question": "Combien de temps met une carte pour arriver chez son destinataire ?",
      "answer": "Les commandes de cartes personnalisées à destination de la France métropolitaines sont généralement traitées dans un délai de 3 à 4 jours, hors week-end et jours fériés.<br>Le traitement des commandes inclut l'impression et la remise des cartes dans le circuit de distribution. Si vous passez votre commande un vendredi après-midi, vos cartes seront postées le lundi matin.<br><br>Pour les cartes adressées à l’étranger, le délai varie en fonction du pays de destination."
    },
    {
      "question": "Comment sont affranchies les cartes personnalisées ?",
      "answer": "Les cartes personnalisées à destination de la France métropolitaines sont affranchies au tarif « Lettre verte ».<br>Les cartes à destination des DROM-COM et de l’étranger sont affranchies au tarif « Lettre prioritaire »."
    },
    {
      "question": "Sous quel format les cartes personnalisées sont-elles imprimées ?",
      "answer": "Les cartes personnalisées sont imprimées au format 10x15 cm."
    },
    {
      "question": "Quel format dois-je utiliser pour ma photo numérique ?",
      "answer": "Votre photo doit être au format JPEG (extension de fichier .jpg).<br>Nous vous conseillons d’envoyer une photo d’une résolution minimale de 1228x234 pixels afin de garantir une impression optimale de votre carte.<br>Si la qualité de votre photo n′est pas suffisante pour produire une carte de qualité, un message vous en informera."
    },
    {
      "question": "Quels sont les tarifs d’une carte personnalisée ?",
      "answer": "Le tarif d’une carte personnalisée varie selon sa zone géographique de destination :<br><br>- carte personnalisée à destination de France métropolitaine : 2,49 Euros TTC<br>- carte personnalisée à destination de l’Europe et la Suisse : 2,66 Euros TTC<br>- carte personnalisée à destination de l’International : 2,78 Euros TTC<br><br>Le tarif inclut l’affranchissement postal en vigueur et le coût de la prestation d’éditique (impression et mise sous pli). Un taux de TVA à 20% s’applique sur la prestation d’éditique."
    },
    {
      "question": "Quels sont les moyens de paiement acceptés ?",
      "answer": "Le paiement d’une carte personnalisée s’effectue soit par Carte Bancaire via la solution Scellius, soit via le système Paylib via l’application."
    },
    {
      "question": "Comment puis-je payer par carte bancaire ?",
      "answer": "Les cartes bancaires autorisées lors du paiement d’une carte sont : la Carte bleue, la Visa, la Mastercard.<br>Les obligations de La Poste prennent effet à compter de la validation de votre paiement. Si le paiement n’est pas effectué à cette étape, la procédure d’envoi de votre carte sera suspendue.<br><br>- Saisissez en toute confiance le numéro de votre carte bancaire ainsi que sa date limite de validité.<br>- Saisissez également les 3 derniers chiffres du cryptogramme situé au verso de votre carte.<br>- Appuyez sur « Valider ».<br><br>Ces informations sont cryptées et transmises à votre établissement bancaire pour vérification et validation du paiement. Dès réception de l’autorisation de votre banque, votre paiement est enregistré. Les références de votre transaction s’affichent alors à l’écran.<br><br>A l’issue du paiement, vous recevrez un email récapitulatif de votre commande vous informant que la transaction a bien été effectuée.<br>Conservez-bien ce Numéro de Commande que vous devrez rappeler dans vos correspondances éventuelles avec le Service Clients."
    },
    {
      "question": "Le paiement par carte bancaire est-il totalement sécurisé ?",
      "answer": "Oui, vous n'avez aucune crainte à avoir à ce sujet. Notre application utilise le service de paiement en ligne de La Poste, Scellius.<br>La solution Scellius s’appuie sur la technologie SIPS (Securite Internet Processing Services) et le protocole SSL 128 bits qui garantit la sécurité de la transaction."
    },
    {
      "question": "Puis-je accéder à un historique de mes envois ?",
      "answer": "Non, cette application ne vous permet pas de conserver l’historique des cartes que vous avez envoyées."
    },
    {
      "question": "Comment contacter le Service Clients ?",
      "answer": "Pour toute demande d’information ou réclamation concernant l’utilisation de l’application « Envoi de cartes personnalisées », vous pouvez nous contacter par mail à l’adresse<br/>suivante :<br>serviceclient.cartepersonnalisee@eservices-laposte.fr<br><br>Si votre demande concerne une commande passée, merci de préciser dans votre mail son numéro de commande.<br>Merci enfin de communiquer également l’adresse électronique que vous avez renseignée lors de la création de cette commande."
    }
  ]
}
