{
  "menu": [
    {
      "img": "../assets/images/takePicture.png",
      "title": "Prendre une photo",
      "link": "#",
      "class": "take-picture"
    },
    {
      "img": "../assets/images/choosePicture.png",
      "title": "Choisir une photo",
      "link": "#",
      "class": "choose-picture"
    },
    {
      "img": "../assets/images/facebook.png",
      "title": "Importer depuis Facebook",
      "link": "facebook.html",
      "class": "facebook"
    },
    {
      "img": "../assets/images/instagram.png",
      "title": "Importer depuis Instagram",
      "link": "instagram.html",
      "class": "instagram"
    }
  ]
}