{
  "data":{
    "json": {
      "steps": "app_4/data/fr_FR/steps.json",
      "params": "app_4/data/fr_FR/params.json",
      "popin": "app_4/data/fr_FR/popin.json",
      "domtom": "app_4/data/fr_FR/domtom.json",
      "international": "app_4/data/fr_FR/international.json",
      "recommande": "app_4/data/fr_FR/recommande.json"
      },
    "webservices": {
      "affranchir": "http://www.laposte.fr/_webservice_auth/webserviceAcces.php"
      },
    "images": {}
  },
  "labels":{
    "domtomMainTitle": "OUTRE-MER",
    "domtomSubTitle": "SÉLECTIONNEZ LE DÉPARTEMENT<br>DE DESTINATION",
    "internationalMainTitle": "INTERNATIONAL",
    "internationalSubTitle": "SÉLECTIONNEZ LE PAYS<br>DE DESTINATION",
    "poidsMainTitle": "POIDS",
    "poidsMainTitleColis": "POIDS",
    "poidsSubTitle": "SAISISSEZ LE POIDS",
    "poidsSubTitleColis": "SAISISSEZ LE POIDS",
    "poidsError": "Erreur de saisie",
    "poidsButton": "Valider",
    "affranchissementMainTitle": "PRIX D'ENVOI INDICATIF",
    "affranchissementProductTitle": "Affranchissement",
    "affranchissementSubTitle": "VOUS CHERCHEZ UN POINT<br>DE CONTACT",
    "postoffice": "Bureau de poste",
    "contenuMainTitle": "TYPE DE PRODUIT",

    "grams": "GRAMMES",
    "kilograms": "KG",

    "annextitle": "Comment définir le poids d'un colis ?",
    "annextext": "Additionnez les poids des composants de votre envoi. Vous obtiendrez le poids approximatif de votre envoi.<br>Pour un calcul au gramme près, vous pouvez utiliser une balance de courrier ou vous rendre en bureau de poste.",

    "destinationPrefix": "De France à ",

    "errorPrice" : "Aucun tarif ne correspond à ce poids",
    "errorProduct" : "Ce produit n'est pas disponible",

    "needHelp" : "Besoin d'aide ?"

  }
}
