{
  "liste_pays": [
    {
      "nature": "colissimo",
      "pays": [
        {
          "id": "86",
          "libelle": "GUADELOUPE",
          "libelleEN": "Guadeloupe",
          "libelleES": "Guadalupe"
        },
        {
          "id": "80",
          "libelle": "GUYANE",
          "libelleEN": "French Guyana",
          "libelleES": "Guyana"
        },
        {
          "id": "148",
          "libelle": "MARTINIQUE",
          "libelleEN": "Martinique",
          "libelleES": "Martinica"
        },
        {
          "id": "239",
          "libelle": "MAYOTTE",
          "libelleEN": "Mayotte",
          "libelleES": "Mayotte"
        },
        {
          "id": "159",
          "libelle": "NOUVELLE CALEDONIE",
          "libelleEN": "New Caledonia",
          "libelleES": "Nueva Caledonia"
        },
        {
          "id": "172",
          "libelle": "POLYNESIE FRANCAISE",
          "libelleEN": "French Polynesia",
          "libelleES": "Polinesia francesa"
        },
        {
          "id": "184",
          "libelle": "REUNION",
          "libelleEN": "Reunion",
          "libelleES": "ReuniÃ³n"
        },
        {
          "id": "87",
          "libelle": "SAINT BARTHELEMY",
          "libelleEN": "Saint Barthelemy",
          "libelleES": "San BartolomÃ©"
        },
        {
          "id": "88",
          "libelle": "SAINT MARTIN (partie franc.)",
          "libelleEN": "Saint-Martin (French part)",
          "libelleES": "San MartÃ­n (parte francesa)"
        },
        {
          "id": "177",
          "libelle": "SAINT PIERRE & MIQUELON",
          "libelleEN": "Saint Pierre and Miquelon",
          "libelleES": "San Pedro y MiquelÃ³n"
        },
        {
          "id": "256",
          "libelle": "TERRES ANTARCTIQUES",
          "libelleEN": "French Antarctic Lands",
          "libelleES": "Tierras antÃ¡rticas"
        },
        {
          "id": "234",
          "libelle": "WALLIS ET FUTUNA",
          "libelleEN": "Wallis and Futuna",
          "libelleES": "Wallis y Futuna"
        }
      ]
    },
    {
      "nature": "lettre",
      "pays": [
        {
          "id": "86",
          "libelle": "GUADELOUPE",
          "libelleEN": "Guadeloupe",
          "libelleES": "Guadalupe"
        },
        {
          "id": "80",
          "libelle": "GUYANE",
          "libelleEN": "French Guyana",
          "libelleES": "Guyana"
        },
        {
          "id": "148",
          "libelle": "MARTINIQUE",
          "libelleEN": "Martinique",
          "libelleES": "Martinica"
        },
        {
          "id": "239",
          "libelle": "MAYOTTE",
          "libelleEN": "Mayotte",
          "libelleES": "Mayotte"
        },
        {
          "id": "159",
          "libelle": "NOUVELLE CALEDONIE",
          "libelleEN": "New Caledonia",
          "libelleES": "Nueva Caledonia"
        },
        {
          "id": "172",
          "libelle": "POLYNESIE FRANCAISE",
          "libelleEN": "French Polynesia",
          "libelleES": "Polinesia francesa"
        },
        {
          "id": "184",
          "libelle": "REUNION",
          "libelleEN": "Reunion",
          "libelleES": "ReuniÃ³n"
        },
        {
          "id": "87",
          "libelle": "SAINT BARTHELEMY",
          "libelleEN": "Saint Barthelemy",
          "libelleES": "San BartolomÃ©"
        },
        {
          "id": "88",
          "libelle": "SAINT MARTIN (partie franc.)",
          "libelleEN": "Saint-Martin (French part)",
          "libelleES": "San MartÃ­n (parte francesa)"
        },
        {
          "id": "177",
          "libelle": "SAINT PIERRE & MIQUELON",
          "libelleEN": "Saint Pierre and Miquelon",
          "libelleES": "San Pedro y MiquelÃ³n"
        },
        {
          "id": "256",
          "libelle": "TERRES ANTARCTIQUES",
          "libelleEN": "French Antarctic Lands",
          "libelleES": "Tierras antÃ¡rticas"
        },
        {
          "id": "234",
          "libelle": "WALLIS ET FUTUNA",
          "libelleEN": "Wallis and Futuna",
          "libelleES": "Wallis y Futuna"
        }
      ]
    },
    {
      "nature": "chronopost",
      "pays": [
        {
          "id": "86",
          "libelle": "GUADELOUPE",
          "libelleEN": "Guadeloupe",
          "libelleES": "Guadalupe"
        },
        {
          "id": "80",
          "libelle": "GUYANE",
          "libelleEN": "French Guyana",
          "libelleES": "Guyana"
        },
        {
          "id": "148",
          "libelle": "MARTINIQUE",
          "libelleEN": "Martinique",
          "libelleES": "Martinica"
        },
        {
          "id": "239",
          "libelle": "MAYOTTE",
          "libelleEN": "Mayotte",
          "libelleES": "Mayotte"
        },
        {
          "id": "159",
          "libelle": "NOUVELLE CALEDONIE",
          "libelleEN": "New Caledonia",
          "libelleES": "Nueva Caledonia"
        },
        {
          "id": "172",
          "libelle": "POLYNESIE FRANCAISE",
          "libelleEN": "French Polynesia",
          "libelleES": "Polinesia francesa"
        },
        {
          "id": "184",
          "libelle": "REUNION",
          "libelleEN": "Reunion",
          "libelleES": "ReuniÃ³n"
        },
        {
          "id": "87",
          "libelle": "SAINT BARTHELEMY",
          "libelleEN": "Saint Barthelemy",
          "libelleES": "San BartolomÃ©"
        },
        {
          "id": "88",
          "libelle": "SAINT MARTIN (partie franc.)",
          "libelleEN": "Saint-Martin (French part)",
          "libelleES": "San MartÃ­n (parte francesa)"
        },
        {
          "id": "177",
          "libelle": "SAINT PIERRE & MIQUELON",
          "libelleEN": "Saint Pierre and Miquelon",
          "libelleES": "San Pedro y MiquelÃ³n"
        },
        {
          "id": "234",
          "libelle": "WALLIS ET FUTUNA",
          "libelleEN": "Wallis and Futuna",
          "libelleES": "Wallis y Futuna"
        }
      ]
    }
  ]
}
