{
  "contenus": {
    "title": "Calcul de tarif",
    "img": null,
    "number": null,
    "cat": [
      {
        "title": "Lorem ipsum dolor sit amet",
        "text": "Consectetuer adipiscing elit, sed diam nonummy nibh euismod tincidunt ut laoreet dolore magna aliquam erat volutpat."
      },
      {
        "title": "Dolor sit amet",
        "text": "Ut wisi enim ad minim veniam, quis nostrud exerci tation ullamcorper suscipit lobortis nisl ut aliquip ex ea commodo consequat."
      }
    ]
  },
  "suivienvoi": {
    "title": "Souhaitez vous un suivi de votre envoi",
    "img": "../assets/images/suivienvoi.jpg",
    "number": null,
    "cat": [
      {
        "title": "Lorem ipsum dolor sit amet",
        "text": "Consectetuer adipiscing elit, sed diam nonummy nibh euismod tincidunt ut laoreet dolore magna aliquam erat volutpat."
      },
      {
        "title": "Dolor sit amet",
        "text": "Ut wisi enim ad minim veniam, quis nostrud exerci tation ullamcorper suscipit lobortis nisl ut aliquip ex ea commodo consequat."
      }
    ]
  },
  "choisirenvoi": {
    "title": "Bien choisir son envoi",
    "img": "../assets/images/choisirenvoi.jpg",
    "number": null,
    "cat": [
      {
        "title": "Lorem ipsum dolor sit amet",
        "text": "Consectetuer adipiscing elit, sed diam nonummy nibh euismod tincidunt ut laoreet dolore magna aliquam erat volutpat."
      },
      {
        "title": "Dolor sit amet",
        "text": "Ut wisi enim ad minim veniam, quis nostrud exerci tation ullamcorper suscipit lobortis nisl ut aliquip ex ea commodo consequat."
      }
    ]
  },
  "besoinaide": {
    "title": "Besoin d'aide",
    "img": "../assets/images/serviceConso.png",
    "number": {
      "value": "3631",
      "infos": "Numéro non surtaxé"
    },
    "cat": [
      {
        "title": "Depuis l’étranger",
        "text": "La plate-forme d’appels service clients international est accessible du lundi au vendredi de 8h à 19h (attention, ce service n'est pas ouvert le samedi). Le service offre un contact en anglais et en français.",
        "suppinfos": "The call center for international customer service is available Monday to Friday from 8am to 7pm (note that the service is not available on Saturday). We offer a contact"
      }
    ]
  },
  "affranchir": {
    "title": "Affranchissement en ligne",
    "img": "../assets/images/affranchissement.jpg",
    "number": null,
    "cat": [
      {
        "title": "Affranchir en ligne vos colis Colissimo",
        "text": "Ce service vous permet de préparer en ligne l’affranchissement de vos colis, que ce soit en Colissimo ou en Colissimo Recommandé. Vous imprimez le bordereau d’envoi avant de déposer votre colis en bureau de poste.",
        "link": {
          "label": "Accéder au site",
          "href": "http://www.colissimo.fr/particuliers/home.jsp"
        }
      },
      {
        "title": "Affranchir en ligne vos colis Chronopost",
        "text": "Ce service vous permet de préparer vos envois rapidement depuis chez vous, de façon économique et fiable. Il vous suffit de renseigner les caractéristiques de votre envoi : coordonnées et conditionnement. Vous sélectionnez ensuite votre type d’envoi. Vous payez en ligne, puis imprimez votre étiquette à fixer sur votre colis. Vous pouvez ensuite déposer votre colis ou le faire retirer chez vous en optant pour l’enlèvement sur demande. ",
        "link": {
          "label": "Accéder au site",
          "href": "http://www.chronopost.fr/transport-express/livraison-colis"
        }
      }
    ]
  },
  "courriernaturefrance":{
    "title": "Choisir un type de lettre",
    "img": null,
    "number": null,
    "cat": [
      {
        "title": "Lettre recommandée",
        "text": "La Lettre recommandée vous fait bénéficier d’une preuve juridique de dépôt, de la remise au destinataire contre signature, d’une garantie contre les risques de perte ou d’avaries et du suivi de vos envois."
      },
      {
        "title": "Lettre prioritaire",
        "text": "La Lettre prioritaire permet l’acheminement de vos envois prioritaires en France métropolitaine en 24h (délai indicatif) et vers le monde entier."
      },
      {
        "title": "Lettre verte",
        "text": "Plus respectueuse de l’environnement et plus économique que la Lettre prioritaire, la Lettre verte permet l’acheminement de vos courriers rapides en toute simplicité."
      },
      {
        "title": "Ecopli 250g",
        "text": "L’Ecopli permet l’acheminement de vos envois en France en toute simplicité et à moindre coût."
      }
    ]
  },
  "courriernatureinter":{
    "title": "Choisir un type de lettre",
    "img": null,
    "number": null,
    "cat": [
      {
        "title": "Lettre prioritaire",
        "text": "La Lettre prioritaire permet l’acheminement de vos envois prioritaires en France et vers le monde entier."
      },
      {
        "title": "Paquet prioritaire",
        "text": "Le Paquet Prio International permet l’acheminement de vos petites marchandises vers le monde entier."
      },
      {
        "title": "Prêt-à-poster Postexport",
        "text": "Postexport Documents, c’est une gamme d'emballages préaffranchis pour vos envois de documents jusqu'à 100g en service Prioritaire dans le monde entier.<br>Postexport Marchandises, c’est une gamme d'emballages préaffranchis pour vos envois de marchandises jusqu'à 2kg en service Prioritaire vers le monde entier."
      }
    ]
  },
  "courrierrecofrancereco":{
    "title": "Choisir un type de lettre",
    "img": null,
    "number": null,
    "cat": [
      {
        "title": "R1",
        "text": "Avec la recommandation, vous disposez d'une preuve juridique de dépôt et d'une remise contre signature du destinataire. Le niveau R1 garantit votre envoi contre les risques de perte, avarie ou spoliation jusqu'à 16 euros."
      },
      {
        "title": "R2",
        "text": "Avec la recommandation, vous disposez d'une preuve juridique de dépôt et d'une remise contre signature du destinataire. Le niveau R2 garantit votre envoi contre les risques de perte, avarie ou spoliation jusqu'à 153 euros."
      },
      {
        "title": "R3",
        "text": "Avec la recommandation, vous disposez d'une preuve juridique de dépôt et d'une remise contre signature du destinataire. Le niveau R3 garantit votre envoi contre les risques de perte, avarie ou spoliation jusqu'à 458 euros."
      }
    ]
  },
  "courrierrecointerlettreprio":{
    "title": "Choisir un type de lettre",
    "img": null,
    "number": null,
    "cat": [
      {
        "title": "Export Suivi",
        "text": "Avec l'option Export Suivi, suivez vos documents et marchandises de 0 à 2 kg, dans le monde entier, jusqu'à  la distribution pour 20 pays (Allemagne, Belgique, Canada, Danemark, Espagne, Estonie, Etats-Unis, Finlande, Grande-Bretagne, Hong Kong, Irlande, Islande, Luxembourg, Malaisie, Nouvelle-Zélande, Pays-Bas, Portugal, Singapour, Suède, Suisse) et jusqu'à  la frontière française pour les autres destinations."
      },
      {
        "title": "R1",
        "text": "Avec la recommandation, vous disposez d'une preuve juridique de dépôt et d'une remise contre signature du destinataire. Le niveau R1 garantit votre envoi contre les risques de perte, avarie ou spoliation jusqu'à 45 euros."
      },
      {
        "title": "R2",
        "text": "Avec la recommandation, vous disposez d'une preuve juridique de dépôt et d'une remise contre signature du destinataire. Le niveau R2 garantit votre envoi contre les risques de perte, avarie ou spoliation jusqu'à 150 euros."
      }
    ]
  },
  "courrierrecofrancemarchprio":{
    "title": "Choisir un type de lettre",
    "img": null,
    "number": null,
    "cat": [
      {
        "title": "Export Suivi",
        "text": "Avec l'option Export Suivi, suivez vos documents et marchandises de 0 à 2 kg, dans le monde entier, jusqu'à  la distribution pour 20 pays (Allemagne, Belgique, Canada, Danemark, Espagne, Estonie, Etats-Unis, Finlande, Grande-Bretagne, Hong Kong, Irlande, Islande, Luxembourg, Malaisie, Nouvelle-Zélande, Pays-Bas, Portugal, Singapour, Suède, Suisse) et jusqu'à  la frontière française pour les autres destinations."
      },
      {
        "title": "Secur'Export",
        "text": "Avec l'option Secur'Export vous bénéficiez d'une indemnisation de 23€/kg en cas de perte, vol, spoliation ou avarie."
      },
      {
        "title": "R1",
        "text": "Avec la recommandation, vous disposez d'une preuve juridique de dépôt et d'une remise contre signature du destinataire. Le niveau R1 garantit votre envoi contre les risques de perte, avarie ou spoliation jusqu'à 45 euros."
      },
      {
        "title": "R2",
        "text": "Avec la recommandation, vous disposez d'une preuve juridique de dépôt et d'une remise contre signature du destinataire. Le niveau R2 garantit votre envoi contre les risques de perte, avarie ou spoliation jusqu'à 150 euros."
      }
    ]
  },
  "colisfrancecolissimo":{
    "title": "Choisir un type de lettre",
    "img": null,
    "number": null,
    "cat": [
      {
        "title": "R1",
        "text": "Avec la recommandation, vous disposez d'une preuve juridique de dépôt et d'une remise contre signature du destinataire. Le niveau R1 garantit votre envoi contre les risques de perte, avarie ou spoliation jusqu'à 50 euros."
      },
      {
        "title": "R2",
        "text": "Avec la recommandation, vous disposez d'une preuve juridique de dépôt et d'une remise contre signature du destinataire. Le niveau R2 garantit votre envoi contre les risques de perte, avarie ou spoliation jusqu'à 200 euros."
      },
      {
        "title": "R3",
        "text": "Avec la recommandation, vous disposez d'une preuve juridique de dépôt et d'une remise contre signature du destinataire. Le niveau R3 garantit votre envoi contre les risques de perte, avarie ou spoliation jusqu'à 400 euros."
      },
      {
        "title": "R4",
        "text": "Avec la recommandation, vous disposez d'une preuve juridique de dépôt et d'une remise contre signature du destinataire. Le niveau R4 garantit votre envoi contre les risques de perte, avarie ou spoliation jusqu'à 600 euros."
      },
      {
        "title": "R5",
        "text": "Avec la recommandation, vous disposez d'une preuve juridique de dépôt et d'une remise contre signature du destinataire. Le niveau R5 garantit votre envoi contre les risques de perte, avarie ou spoliation jusqu'à 800 euros."
      }
    ]
  }
}
