{
  "courrier": {
    "title": "RECOMMANDATION",
    "sublink": {
      "label": "Choisir un niveau de Recommandation",
      "link": "popin.html?page=courrierrecofrancereco"
    },
    "cat": [
      {
        "title": "SÉLECTIONNEZ LE NIVEAU<br>DE RECOMMANDATION",
        "links":[
          {
            "label": "R1",
            "ar": true,
            "param": {"recommande": "recommande", "reco": "R1"},
            "desc":"",
            "link":"app_4/views/indiquerPoids.html",
            "img": ""
          },
          {
            "label": "R2",
            "ar": true,
            "param": {"recommande": "recommande", "reco": "R2"},
            "desc":"",
            "link":"app_4/views/indiquerPoids.html",
            "img": ""
          },
          {
            "label": "R3",
            "ar": true,
            "param": {"recommande": "recommande", "reco": "R3"},
            "desc":"",
            "link":"app_4/views/indiquerPoids.html",
            "img": ""
          }
        ]
      }
    ]
  },
  "internationaldocument": {
    "title": "RECOMMANDATION",
    "sublink": {
      "label": "Choisir un niveau de Recommandation",
      "link": "popin.html?page=courrierrecointerlettreprio"
    },
    "cat": [
      {
        "title": "SÉLECTIONNEZ LE NIVEAU<br>DE RECOMMANDATION",
        "links":[
          {
            "label": "Sécu export",
            "ar": false,
            "param": {"securexport": "securexport"},
            "desc":"",
            "link":"app_4/views/indiquerPoids.html",
            "img": ""
          },
          {
            "label": "Export suivi",
            "ar": false,
            "param": {"export_suivi": "export_suivi"},
            "desc":"",
            "link":"app_4/views/indiquerPoids.html",
            "img": ""
          },
          {
            "label": "R1",
            "ar": true,
            "param": {"recommande": "recommande", "reco": "R1"},
            "desc":"",
            "link":"app_4/views/indiquerPoids.html",
            "img": ""
          },
          {
            "label": "R2",
            "ar": true,
            "param": {"recommande": "recommande", "reco": "R2"},
            "desc":"",
            "link":"app_4/views/indiquerPoids.html",
            "img": ""
          },
          {
            "label": "Sans Recommandation",
            "ar": false,
            "param": {"reco": "non"},
            "desc":"",
            "link":"app_4/views/indiquerPoids.html",
            "img": ""
          }
        ]
      }
    ]
  },
  "internationalmarchandise": {
    "title": "RECOMMANDATION",
    "sublink": {
      "label": "Choisir un niveau de Recommandation",
      "link": "popin.html?page=courrierrecofrancemarchprio"
    },
    "cat": [
      {
        "title": "SÉLECTIONNEZ LE NIVEAU<br>DE RECOMMANDATION",
        "links":[
          {
            "label": "Sécu export",
            "ar": false,
            "param": {"securexport": "securexport"},
            "desc":"",
            "link":"app_4/views/indiquerPoids.html",
            "img": ""
          },
          {
            "label": "Export suivi",
            "ar": false,
            "param": {"export_suivi": "export_suivi"},
            "desc":"",
            "link":"app_4/views/indiquerPoids.html",
            "img": ""
          },
          {
            "label": "R1",
            "desc":"",
            "ar": true,
            "param": {"recommande": "recommande", "reco": "R1"},
            "link":"app_4/views/indiquerPoids.html",
            "img": ""
          },
          {
            "label": "R2",
            "desc":"",
            "ar": true,
            "param": {"recommande": "recommande", "reco": "R2"},
            "link":"app_4/views/indiquerPoids.html",
            "img": ""
          },
          {
            "label": "Sans Recommandation",
            "desc":"",
            "ar": false,
            "param": {"reco": "non"},
            "link":"app_4/views/indiquerPoids.html",
            "img": ""
          }
        ]
      }
    ]
  },
  "postexport": {
    "title": "RECOMMANDATION",
    "sublink": {
      "label": "Choisir un niveau de Recommandation",
      "link": "popin.html?page=courrierrecofrancemarchprio"
    },
    "cat": [
      {
        "title": "SÉLECTIONNEZ LE NIVEAU<br>DE RECOMMANDATION",
        "links":[
          {
            "label": "Sécu export",
            "ar": false,
            "param": {"securexport": "securexport"},
            "desc":"",
            "link":"app_4/views/affranchissement.html",
            "img": ""
          },
          {
            "label": "Export suivi",
            "ar": false,
            "param": {"export_suivi": "export_suivi"},
            "desc":"",
            "link":"app_4/views/affranchissement.html",
            "img": ""
          },
          {
            "label": "R1",
            "desc":"",
            "ar": true,
            "param": {"recommande": "recommande", "reco": "R1"},
            "link":"app_4/views/affranchissement.html",
            "img": ""
          },
          {
            "label": "R2",
            "desc":"",
            "ar": true,
            "param": {"recommande": "recommande", "reco": "R2"},
            "link":"app_4/views/affranchissement.html",
            "img": ""
          },
          {
            "label": "Sans Recommandation",
            "desc":"",
            "ar": false,
            "param": {"reco": "non"},
            "link":"app_4/views/affranchissement.html",
            "img": ""
          }
        ]
      }
    ]
  },
  "colissimo": {
    "title": "RECOMMANDATION",
    "sublink": {
      "label": "Choisir un niveau de Recommandation",
      "link": "popin.html?page=colisfrancecolissimo"
    },
    "cat": [
      {
        "title": "SÉLECTIONNEZ LE NIVEAU<br>DE RECOMMANDATION",
        "links":[
          {
            "label": "R1",
            "ar": true,
            "param": {"recommande": "recommande", "reco": "R1"},
            "desc":"",
            "link":"app_4/views/indiquerPoids.html?type=colis",
            "img": ""
          },
          {
            "label": "R2",
            "ar": true,
            "param": {"recommande": "recommande", "reco": "R2"},
            "desc":"",
            "link":"app_4/views/indiquerPoids.html?type=colis",
            "img": ""
          },
          {
            "label": "R3",
            "ar": true,
            "param": {"recommande": "recommande", "reco": "R3"},
            "desc":"",
            "link":"app_4/views/indiquerPoids.html?type=colis",
            "img": ""
          },
          {
            "label": "R4",
            "ar": true,
            "param": {"recommande": "recommande", "reco": "R4"},
            "desc":"",
            "link":"app_4/views/indiquerPoids.html?type=colis",
            "img": ""
          },
          {
            "label": "R5",
            "ar": true,
            "param": {"recommande": "recommande", "reco": "R5"},
            "desc":"",
            "link":"app_4/views/indiquerPoids.html?type=colis",
            "img": ""
          },
          {
            "label": "Sans Recommandation",
            "desc":"",
            "ar": false,
            "param": {"reco": "non"},
            "link":"app_4/views/indiquerPoids.html?type=colis",
            "img": ""
          }
        ]
      }
    ]
  },
  "colissimoint": {
    "title": "RECOMMANDATION",
    "cat": [
      {
        "title": "SÉLECTIONNEZ LE NIVEAU<br>DE RECOMMANDATION",
        "links":[
          {
            "label": "Recommandé",
            "desc":"",
            "ar": true,
            "param": {"recommande": "recommande"},
            "link":"app_4/views/indiquerPoids.html?type=colis",
            "img": ""
          },
          {
            "label": "Sans Recommandation",
            "desc":"",
            "ar": false,
            "param": {"reco": "non"},
            "link":"app_4/views/indiquerPoids.html?type=colis",
            "img": ""
          }
        ]
      }
    ]
  }
}
