{
  "title": "TYPE D'ENVOI",
  "cat": [
    {
      "title": "",
      "links":[
        {
          "id": 2,
          "label": "Courrier",
          "param": {"task": "courrier"},
          "desc":"",
          "link":"app_4/views/steps.html",
          "img": "../assets/images/letter.png",
          "submenu": {
            "title": "DESTINATION",
            "cat": [
              {
                "title": "",
                "links":[
                  {
                    "id": 3,
                    "label": "France",
                    "param": {"destination": "France Métropolitaine"},
                    "desc":"France Métropolitaine, Andorre, Monaco",
                    "link":"app_4/views/steps.html",
                    "img": "../assets/images/france.png",
                    "submenu": {
                      "title": "NATURE DE L'ENVOI",
                      "sublink": {
                        "label": "Choisir un type de lettre",
                        "link":"popin.html?page=courriernaturefrance"
                      },
                      "cat": [
                        {
                          "title": "",
                          "links":[
                            {
                              "id": 0,
                              "label": "Lettre recommandée",
                              "param": {"nature": "lettre"},
                              "desc":"",
                              "link":"app_4/views/recommande.html?type=courrier",
                              "img": "../assets/images/recommandee.png",
                              "submenu": {}
                            },
                            {
                              "id": 1,
                              "label": "Lettre prioritaire",
                              "param": {"nature": "lettre"},
                              "desc":"",
                              "link":"app_4/views/indiquerPoids.html",
                              "img": "../assets/images/prioritaire.png",
                              "submenu": {}
                            },
                            {
                              "id": 2,
                              "label": "Lettre verte",
                              "param": {"nature": "lettre verte"},
                              "desc":"",
                              "link":"app_4/views/indiquerPoids.html",
                              "img": "../assets/images/verte.png",
                              "submenu": {}
                            },
                            {
                              "id": 3,
                              "label": "Ecopli 250g",
                              "param": {"nature": "lettre eco"},
                              "desc":"",
                              "link":"app_4/views/indiquerPoids.html",
                              "img": "../assets/images/ecopli.png",
                              "submenu": {}
                            }
                          ]
                        }
                      ]
                    }
                  },
                  {
                    "id": 1,
                    "label": "Outre Mer",
                    "param": {"destination": "DOM/TOM"},
                    "desc":"",
                    "link":"app_4/views/domtom.html",
                    "img": "../assets/images/dom.png",
                    "submenu": {
                      "title": "NATURE DE L'ENVOI",
                      "sublink": {
                        "label": "Choisir un type de lettre",
                        "link":"popin.html?page=courriernaturefrance"
                      },
                      "cat": [
                        {
                          "title": "",
                          "links":[
                            {
                              "id": 0,
                              "label": "Lettre recommandée",
                              "param": {"nature": "lettre"},
                              "desc":"",
                              "link":"app_4/views/recommande.html?type=courrier",
                              "img": "../assets/images/recommandee.png",
                              "submenu": {}
                            },
                            {
                              "id": 1,
                              "label": "Lettre prioritaire",
                              "param": {"nature": "lettre"},
                              "desc":"",
                              "link":"app_4/views/indiquerPoids.html",
                              "img": "../assets/images/prioritaire.png",
                              "submenu": {}
                            },
                            {
                              "id": 2,
                              "label": "Lettre verte",
                              "param": {"nature": "lettre verte"},
                              "desc":"",
                              "link":"app_4/views/indiquerPoids.html",
                              "img": "../assets/images/verte.png",
                              "submenu": {}
                            },
                            {
                              "id": 3,
                              "label": "Ecopli 250g",
                              "param": {"nature": "lettre eco"},
                              "desc":"",
                              "link":"app_4/views/indiquerPoids.html",
                              "img": "../assets/images/ecopli.png",
                              "submenu": {}
                            }
                          ]
                        }
                      ]
                    }
                  },
                  {
                    "id": 2,
                    "label": "International",
                    "param": {"destination": "international"},
                    "desc":"",
                    "link":"app_4/views/international.html",
                    "img": "../assets/images/international.png",
                    "submenu": {
                      "title": "NATURE DE L'ENVOI",
                      "sublink": {
                        "label": "Choisir un type de lettre",
                        "link":"popin.html?page=courriernatureinter"
                      },
                      "cat": [
                        {
                          "title": "",
                          "links":[
                            {
                              "id": 0,
                              "label": "Document Prioritaire",
                              "param": {"nature": "lettre"},
                              "desc":"",
                              "link":"app_4/views/recommande.html?type=internationaldocument",
                              "img": "../assets/images/postexportdoc.png",
                              "submenu": {}
                            },
                            {
                              "id": 1,
                              "label": "Marchandise Prioritaire",
                              "param": {"nature": "lettre"},
                              "desc":"",
                              "link":"app_4/views/recommande.html?type=internationalmarchandise",
                              "img": "../assets/images/postexportmar750.png",
                              "submenu": {}
                            },
                            {
                              "id": 2,
                              "label": "Prêt-à-poster Postexport",
                              "param": {"nature": "postexport"},
                              "desc":"",
                              "link":"app_4/views/steps.html",
                              "img": "../assets/images/postexportsuivi750.png",
                              "submenu": {
                                "title": "TYPE DE PRODUIT",
                                "cat": [
                                  {
                                    "title": "",
                                    "links":[
                                      {
                                        "id": 0,
                                        "label": "Postexport<br>documents 20g",
                                        "param": {"emballage": "P01"},
                                        "desc":"",
                                        "link":"app_4/views/recommande.html?type=postexport",
                                        "img": "../assets/images/postexportdoc.png",
                                        "submenu": {}
                                      },
                                      {
                                        "id": 1,
                                        "label": "Postexport<br>documents 50g",
                                        "param": {"emballage": "P02"},
                                        "desc":"",
                                        "link":"app_4/views/recommande.html?type=postexport",
                                        "img": "../assets/images/postexportdoc.png",
                                        "submenu": {}
                                      },
                                      {
                                        "id": 2,
                                        "label": "Postexport<br>documents 100g",
                                        "param": {"emballage": "P03"},
                                        "desc":"",
                                        "link":"app_4/views/recommande.html?type=postexport",
                                        "img": "../assets/images/postexportdoc.png",
                                        "submenu": {}
                                      },
                                      {
                                        "id": 3,
                                        "label": "Postexport<br>marchandise 250g",
                                        "param": {"emballage": "P07"},
                                        "desc":"",
                                        "link":"app_4/views/recommande.html?type=postexport",
                                        "img": "../assets/images/postexportmar250.png",
                                        "submenu": {}
                                      },
                                      {
                                        "id": 4,
                                        "label": "Postexport<br>marchandise 750g",
                                        "param": {"emballage": "P08"},
                                        "desc":"",
                                        "link":"app_4/views/recommande.html?type=postexport",
                                        "img": "../assets/images/postexportmar750.png",
                                        "submenu": {}
                                      },
                                      {
                                        "id": 5,
                                        "label": "Postexport<br>marchandise 2kg",
                                        "param": {"emballage": "P10"},
                                        "desc":"",
                                        "link":"app_4/views/recommande.html?type=postexport",
                                        "img": "../assets/images/postexportmar2000.png",
                                        "submenu": {}
                                      },
                                      {
                                        "id": 6,
                                        "label": "Postexport<br>Suivi 750g",
                                        "param": {"emballage": "P11"},
                                        "desc":"",
                                        "link":"app_4/views/recommande.html?type=postexport",
                                        "img": "../assets/images/postexportsuivi750.png",
                                        "submenu": {}
                                      }
                                    ]
                                  }
                                ]
                              }
                            }
                          ]
                        }
                      ]
                    }
                  }
                ]
              }
            ]
          }
        },
        {
          "id": 1,
          "label": "Colis",
          "param": { "task": "colis"},
          "desc":"",
          "link":"app_4/views/steps.html",
          "img": "../assets/images/package.png",
          "submenu": {
            "title": "DESTINATION",
            "cat": [
              {
                "title": "",
                "links":[
                  {
                    "id": 3,
                    "label": "France",
                    "param": {"destination": "France Métropolitaine"},
                    "desc":"France Métropolitaine, Andorre, Monaco",
                    "link":"app_4/views/steps.html",
                    "img": "../assets/images/france.png",
                    "submenu": {
                      "title": "NATURE DE L'ENVOI",
                      "cat": [
                        {
                          "title": "",
                          "links":[
                            {
                              "id": 0,
                              "label": "Colissimo",
                              "param": {"nature": "colissimo"},
                              "desc":"",
                              "link":"app_4/views/recommande.html?type=colissimo",
                              "img": "../assets/images/colissimo.png",
                              "submenu": {}
                            },
                            {
                              "id": 1,
                              "label": "Colissimo Emballage",
                              "param": {"nature": "colissimo emb"},
                              "desc":"",
                              "link":"app_4/views/emballage.html?nature=colissimo",
                              "img": "../assets/images/L-FR.png",
                              "submenu": {}
                            },
                            {
                              "id": 2,
                              "label": "Chronopost",
                              "param": {"nature": "chronopost"},
                              "desc":"",
                              "link":"app_4/views/indiquerPoids.html",
                              "img": "../assets/images/colissimo.png",
                              "submenu": {}
                            },
                            {
                              "id": 3,
                              "label": "Chronopost Prêt-à-Expédier",
                              "param": {"nature": "chronopost emb"},
                              "desc":"",
                              "link":"app_4/views/emballage.html?nature=chronopost",
                              "img": "../assets/images/chronopost.png",
                              "submenu": {}
                            }
                          ]
                        }
                      ]
                    }
                  },
                  {
                    "id": 1,
                    "label": "Outre-Mer",
                    "param": {"destination": "DOM/TOM"},
                    "desc":"",
                    "link":"app_4/views/domtom.html",
                    "img": "../assets/images/dom.png",
                    "submenu": {
                      "title": "NATURE DE L'ENVOI",
                      "cat": [
                        {
                          "title": "",
                          "links":[
                            {
                              "id": 0,
                              "label": "Colissimo",
                              "param": {"nature": "colissimo"},
                              "desc":"",
                              "link":"app_4/views/recommande.html?type=colissimo",
                              "img": "../assets/images/colissimo.png",
                              "submenu": {}
                            },
                            {
                              "id": 1,
                              "label": "Colissimo Emballage",
                              "param": {"nature": "colissimo emb"},
                              "desc":"",
                              "link":"app_4/views/emballage.html?nature=colissimo",
                              "img": "../assets/images/L-FR.png",
                              "submenu": {}
                            },
                            {
                              "id": 2,
                              "label": "Chronopost",
                              "param": {"nature": "chronopost"},
                              "desc":"",
                              "link":"app_4/views/indiquerPoids.html",
                              "img": "../assets/images/colissimo.png",
                              "submenu": {}
                            },
                            {
                              "id": 3,
                              "label": "Chronopost Prêt-à-Expédier",
                              "param": {"nature": "chronopost emb"},
                              "desc":"",
                              "link":"app_4/views/emballage.html?nature=chronopost",
                              "img": "../assets/images/chronopost.png",
                              "submenu": {}
                            }
                          ]
                        }
                      ]
                    }
                  },
                  {
                    "id": 2,
                    "label": "International",
                    "param": {"destination": "international"},
                    "desc":"",
                    "link":"app_4/views/international.html",
                    "img": "../assets/images/international.png",
                    "submenu": {
                      "title": "NATURE DE L'ENVOI",
                      "cat": [
                        {
                          "title": "",
                          "links":[
                            {
                              "id": 0,
                              "label": "Colissimo international",
                              "param": {"nature": "colissimo"},
                              "desc":"",
                              "link":"app_4/views/recommande.html?type=colissimoint",
                              "img": "../assets/images/colissimo.png",
                              "submenu": {}
                            },
                            {
                              "id": 1,
                              "label": "Colissimo Emballage",
                              "param": {"nature": "colissimo emb"},
                              "desc":"",
                              "link":"app_4/views/emballage.html?nature=colissimo",
                              "img": "../assets/images/L-INT.png",
                              "submenu": {}
                            },
                            {
                              "id": 2,
                              "label": "Chronopost international",
                              "param": {"nature": "chronopost"},
                              "desc":"",
                              "link":"app_4/views/indiquerPoids.html",
                              "img": "../assets/images/colissimo.png",
                              "submenu": {}
                            },
                            {
                              "id": 3,
                              "label": "Chronopost Prêt-à-Expédier",
                              "param": {"nature": "chronopost emb"},
                              "desc":"",
                              "link":"app_4/views/emballage.html?nature=chronopost",
                              "img": "../assets/images/chronopostint.png",
                              "submenu": {}
                            }
                          ]
                        }
                      ]
                    }
                  }
                ]
              }
            ]
          }
        }
      ]
    }
  ]
}
