{
  "title": "Service Conso",
  "img": "../assets/images/serviceConso.png",
  "mail": {
    "title": "PAR COURRIER",
    "img": "../assets/images/mail.png",
    "address": "Service Consommateur<br>99999 La Poste"
  },
  "infos": {
    "text": "Afin de faciliter l’accès aux services de la Poste, un Service  Consommateur est à votre disposition. En utilisant le Service Consommateur de la Poste, vous pouvez :",
    "details": [
      "Bénéficier d’un service multicanal adapté à tous les modes de consommation",
      "Obtenir des réponses précises et personnalisées à vos demandes d’information ou de services",
      "Préparer votre venue en bureau de poste",
      "Renforcer votre lien avec votre facteur",
      "Faciliter la prise en compte et le traitement de vos réclamations"
    ]
  },
  "socials": [
    {
      "title": "SUR TWITTER",
      "img": "../assets/images/twitter.png",
      "desc": "<a href=\"https://twitter.com/lisalaposte\">@lisalaposte</a> est à votre écoute pour vous informer et vous conseiller !"
    }
  ],
  "phone": {
    "title": "PAR TELEPHONE",
    "img": "../assets/images/phone.png",
    "details": [
      {
        "number": "3631",
        "name": "Service conso la Poste",
        "infos": "(numéro non surtaxé)",
        "horaires": "de 8h30 à 19h en semaine et de 8h30  à 13h00 le samedi."
      },
      {
        "number": "3639",
        "name": "La Banque Postale",
        "infos": "",
        "horaires": "De 9h00 à 20h00 du lundi au samedi <span class=\"infos\">(0,15€ ttc/min)</span>."
      },
      {
        "number": "0969 391 391",
        "name": "Chronopost",
        "infos": "(N° Cristal non surtaxé)",
        "horaires": "et par fax au 0 825 801 802 de 8h à 19h du lundi au vendredi et de 9h à 13h le samedi."
      }
    ]
  }
}
