{
  "advices": [
    {
      "title": "Rester simple",
      "description": "Évitez les formes d'emballage instables. Evitez les colis recouverts partiellement ou totalement de papier, y compris le papier kraft.",
      "img": "../assets/images/Choisir-un-emballage-adapte-Rester-simple.jpg"
    },
    {
      "title": "Choisir son carton",
      "description": "Emballez le produit que vous souhaitez expédier dans un carton solide et adapté au contenu. Les marchandises mal emballées ne seront pas acceptées.",
      "img": "../assets/images/Choisir-un-emballage-adapte-Choisir-son-carton.jpg"
    },
    {
      "title": "Fermer efficacement",
      "description": "Confectionnez l'emballage sans aucun élément de débord : éviter ficelle, rabat, poignée. Il est interdit de grouper les colis à l'aide de cerclage, cordage ou autre.",
      "img": "../assets/images/Choisir-un-emballage-adapte-Fermer-efficacement.jpg"
    },
    {
      "title": "Protéger son colis",
      "description": "Assurez la stabilité du colis en calant, rembourrant et répartissant les masses de façon à éviter tout renversement.",
      "img": "../assets/images/Choisir-un-emballage-adapte-Proteger-son-colis.jpg"
    },
    {
      "title": "Respecter les règles",
      "description": "Les envois standards sont définis comme suit. Poids : le poids unitaire des colis peut aller de 0 à 30Kg (emballage et contenu compris). Dimensions : les dimensions minimales doivent permettre d'apposer la liasse de transport à plat sur une seule face et présenter une hauteur minimum de 1 cm. Les dimensions maximales sont telles que : L+l+h=150cm avec L=100cm. Présentation des envois : seuls les mono-colis (avec un contenant unique et indivisible) sont acceptés au dépôt.",
      "img": "../assets/images/Choisir-un-emballage-adapte-Respecter-les-regles.jpg"
    }
  ]
}