{
  "data": {
    "json": {
      "resultTestAddress": "app_2/data/fr_FR/resultTestAddress.json",
      "resultZipcodeCity": "app_2/data/fr_FR/resultZipcodeCity.json",
      "packingAdvices": "app_2/data/fr_FR/packingAdvices.json",
      "chooseTheGoodPacking": "app_2/data/fr_FR/chooseTheGoodPacking.json",
      "fillTheBundle": "app_2/data/fr_FR/fillTheBundle.json",
      "addressRules": "app_2/data/fr_FR/addressRules.json"
    },
    "webservices": {
      "postalCodeResolution": "/api/mascadia/code_postal",
      "addressTest": "/api/mascadia/adresse"
    },
    "images": {
      "pin": "../assets/images/pin.png"
    }
  },
  "labels": {
    "navigation_title": "Commune ou code postal",
    "your_informations": "VOS INFORMATIONS",
    "lastname": "Nom",
    "firstname": "Prénom",
    "residence": "Bâtiment, résidence",
    "floor": "Appartement, escalier, étage",
    "floor_result": "Appartement, escalier, étage, complément d'adresse",
    "address": "Adresse*",
    "address2": "Complément d'adresse",
    "code_postal": "Code postal*",
    "city": "Ville*",
    "mention_mandatory": "* Mentions obligatoires",
    "test_address": "Tester cette adresse",
    "address_empty": "Adresse obligatoire",
    "code_postal_empty": "Code postal obligatoire",
    "code_postal_error": "Code postal erroné",
    "city_empty": "Ville obligatoire",

    "refine_address": "AFFINER VOTRE ADRESSE",
    "one_street": "VOIE CORRESPOND<br>À VOTRE RECHERCHE :",
    "multi_streets": "VOIES PEUVENT CORRESPONDRE<br>À VOTRE RECHERCHE :",

    "corrected_address": "ADRESSE CORRIGÉE",
    "name": "Prénom / Nom",
    "addresses": "Adresse",
    "complement": "Complément d'adresse",
    "locality": "Code postal et commune",
    "new_search": "Nouvelle recherche",

    "search": "RECHERCHER",
    "city_or_zipcode": "Commune ou code postal",
    "button_search": "Rechercher",
    "query_empty": "Champs obligatoire",

    "refine_search": "AFFINER VOTRE RECHERCHE",
    "one_result": "RÉSULTAT CORRESPOND<br>À VOTRE RECHERCHE :",
    "multi_results": "RÉSULTATS PEUVENT CORRESPONDRE<br>À VOTRE RECHERCHE :",

    "your_city": "VOTRE COMMUNE",
    "search-contact-point": "VOUS CHERCHEZ UN POINT DE CONTACT<br>À",
    "interrogation": "?",
    "poste": "Bureau de poste",
    "colissimo": "Point relais colissimo",
    "cityssimo": "Espace colis<br>Cityssimo 24/7",
    "chronopost": "Point chronopost",

    "wrong_entry": "Saisie erronée, pas de résultat",

    "needHelp": "Besoin d'aide ?"
  }
}
