{
  "advices": [
    {
      "title": "Eviter les oublis",
      "description": "Renseignez tous les champs de la liasse. Chacune des informations est indispensable. Respectez les règles d'adressage : nom, prénom, raison sociale, adresse complète, numéro de téléphone, etc.",
      "img": "../assets/images/Bien-remplir-la-liasse-Evitez-les-oublis.jpg"
    },
    {
      "title": "Ecrire lisiblement",
      "description": "Écrivez de manière lisible (utilisez un stylo bille uniquement), évitez les ratures et l'utilisation de films ou pochettes plastiques qui risquent d'altérer la lisibilité des informations.",
      "img": "../assets/images/Bien-remplir-son-bordereau-Ecrire-lisiblement.jpg"
    },
    {
      "title": "Coller efficacement",
      "description": "Collez la liasse bien à plat sur la face la plus large du colis. Ne la pliez pas, ne la mettez pas à cheval sur deux côtés. Ne superposez pas de ruban adhésif.",
      "img": "../assets/images/Bien-remplir-le-bordereau-Coller-efficacement.jpg"
    },
    {
      "title": "Envoyer vers l'outre-mer",
      "description": "Pour vos envois vers l’outre-mer et à l’international, assurez-vous de joindre l’ensemble des documents nécessaires (déclaration en douanes disponible au guichet ou sur Colissimo.fr) afin d’éviter tout retard ou refus de la part des services des Douanes. L’ensemble des documents douaniers doit être inséré dans une pochette plastique transparente et autocollante fournie par La Poste à apposer sur le colis.",
      "img": "../assets/images/Bien-remplir-le-bordereau-Envoyer-vers-l-outre-mer.jpg"
    }
  ]
}