{
  "menu": [
    {
      "title": "Choisir un emballage adapté",
      "img": "../assets/images/Choisir-un-emballage-adapte.png",
      "link": "chooseTheGoodPacking.html",
      "tracking": {
        "setLevel2": 5,
        "myPageLabel": "choisir_un_emballage_adapte",
        "andPageChapter": "conseils_emballage"
      }
    },
    {
      "title": "Bien remplir la liasse",
      "img": "../assets/images/Bien-remplir-sa-liasse.png",
      "link": "fillTheBundle.html",
      "tracking": {
        "setLevel2": 5,
        "myPageLabel": "bien_remplir_sa_liasse",
        "andPageChapter": "conseils_emballage"
      }
    }
  ]
}
