{
    "adresse": {
        "ligne1": {
            "value": "Bru Nicolas",
            "feu": {
                "couleur": "vert",
                "errormsg": ""
            }
        },
        "ligne2": {
            "value": "Bat B",
            "feu": {
                "couleur": "vert",
                "errormsg": ""
            }
        },
        "ligne3": {
            "value": "etage 6",
            "feu": {
                "couleur": "vert",
                "errormsg": ""
            }
        },
        "ligne4": {
            "values": [
                {
                    "value": "PETITE RUELLE DE BART",
                    "cp_attribue": "91230"
                },
                {
                    "value": "RUE DU PONT DE BART",
                    "cp_attribue": "91230"
                },
                {
                    "value": "RUELLE DE BART",
                    "cp_attribue": "91230"
                },
                {
                    "value": "SENTIER DE BART",
                    "cp_attribue": "91230"
                }
            ],
            "feu": {
                "couleur": "rouge",
                "errormsg": "Veuillez sélectionner la ou les corrections proposées"
            }
        },
        "ligne6": {
            "value": "91230 MONTGERON",
            "feu": {
                "couleur": "orange",
                "errormsg": "Votre adresse a été corrigée"
            }
        }
    },
    "token": "e69d487945a83d3b6e1d2de6a8d7b6c5"
}
