{
  "token": "54bea30993276bc7b7c43693d6ae5707",
  "codePostaux": [
    {
      "codePostal": "92300",
      "commune": "BARBERAZ"
    },
    {
      "codePostal": "92300",
      "commune": "BASSENS"
    },
    {
      "codePostal": "92300",
      "commune": "CHAMBERY"
    },
    {
      "codePostal": "92300",
      "commune": "JACOB BELLECOMBETTE"
    },
    {
      "codePostal": "92300",
      "commune": "MONTAGNOLE"
    },
    {
      "codePostal": "92300",
      "commune": "SONNAZ"
    }
  ]
}
