{
  "data":{
    "json": {
      "map": "app_5/data/fr_FR/map.json",
      "mapDetailsOffice": "app_5/data/fr_FR/mapDetailsOffice.json"
    },
    "webservices": {
      "searchPosteOffices": "/api/acores/bureau",
      "detailPosteOffice": "/api/acores/bureau_detail/#{code_site}",
      "searchByPos": "/api/acores/bureau_proche/#{lat}/#{lng}"
    },
    "images": {
      "pin": "../assets/images/pin.png",
      "pinRetina": "../assets/images/pin@2x.png",
      "mapPin": "../assets/images/mapPin.png",
      "mapPinRetina": "../assets/images/mapPin@2x.png",
      "clusterPin": "../assets/images/clusterPin.png",
      "clusterPinRetina": "../assets/images/clusterPin@2x.png",
      "geolocUser": "../assets/images/geoloc-user.png",
      "geolocUserRetina": "../assets/images/geoloc-user@2x.png"
    }
  },
  "labels":{
    "search": "Rechercher",
    "open": "OUVERT",
    "close": "FERMÉ",
    "open_in": "Ouvert dans",
    "close_in": "Fermé dans",
    "close_temp_1": "Fermeture temporaire à partir du",
    "close_temp_2": "Réouverture le",
    "close_exceptionnal": "Fermeture exceptionnelle le",
    "itinerary": "Itinéraire vers ce Bureau",
    "opening_hours": "Horaires d'ouverture",
    "opening_hours_package": "Heures limites de dépôt",
    "from_date": "du",
    "to_date": "au",
    "from_hour": "de",
    "to_hour": "à",
    "day": "jour",
    "days": "jours",
    "hour": "h",
    "minute": "min",
    "first": "er",
    "jour1": "Lundi",
    "jour2": "Mardi",
    "jour3": "Mercredi",
    "jour4": "Jeudi",
    "jour5": "Vendredi",
    "jour6": "Samedi",
    "month01": "Janvier",
    "month02": "Février",
    "month03": "Mars",
    "month04": "Avril",
    "month05": "Mai",
    "month06": "Juin",
    "month07": "Juillet",
    "month08": "Août",
    "month09": "Septembre",
    "month10": "Octobre",
    "month11": "Novembre",
    "month12": "Décembre",
    "services": "Services proposés",

    "dab": "Distributeur de billets",
    "cyberposte": "Espace Cyberposte",
    "moneo": "MONEO",
    "photocopieur": "Photocopieur",
    "changeur": "Changeur de monnaie",
    "cofi": "Espace conseiller Financier",
    "lisa": "Libre Service d'affranchissement",
    "automate": "Automate",
    "mobile": "La Poste Mobile",
    "accesBureauMobiliteReduite": "Pour les personnes à mobilité réduite, le bureau est accessible",
    "accesAutomateMobiliteReduite": "Pour les personnes à mobilité réduite, la borne libre service est accessible",
    "guichetSpecifiqueMobiliteReduite": "Pour les personnes à mobilité réduite, le guichet service est accessible",

    "contact_us": "Nous contacter",
    "by_phone": "Par téléphone au",
    "filter_results": "Filtrer mes résultats",
    "filter_points": "TYPE DE POINTS",
    "filter_services": "SERVICES PROPOSES",
    "filter_day_hour": "QUEL JOUR ET QUELLE HEURE ?",

    "error_loading_page": "Impossible de charger la page.\nUne erreur est survenue.",
    "error_address_search": "Veuillez précisez votre recherche",
    "error_no_result": "Aucun résultat",

    "needHelp": "Besoin d'aide ?",

    "result": "résultat",
    "results": "résultats"
  }
}
