{
    "bureaux": [
        {
            "codeSite": "17171A",
            "libelleSite": "LEVALLOIS PERRET WILSON",
            "adresse": "68 RUE DU PRESIDENT WILSON",
            "codePostal": "92300",
            "localite": "LEVALLOIS PERRET",
            "telephoneIndigo": "3631",
            "telephoneStandard": "0147150050",
            "lng": "2.289269",
            "lat": "48.8933",
            "etat": {
                "date": "2014-03-10T12:43:09+01:00",
                "ouvert": true,
                "dateChangement": "2014-03-10T19:00:00+01:00"
            }
        },
        {
            "codeSite": "17083A",
            "libelleSite": "LEVALLOIS PERRET PRINCIPAL",
            "adresse": "31 RUE PAUL VAILLANT COUTURIER",
            "codePostal": "92300",
            "localite": "LEVALLOIS PERRET",
            "telephoneIndigo": "3631",
            "telephoneStandard": "0140898156",
            "lng": "2.280135",
            "lat": "48.894895",
            "etat": {
                "date": "2014-03-10T12:43:09+01:00",
                "ouvert": true,
                "dateChangement": "2014-03-10T19:00:00+01:00"
            }
        },
        {
            "codeSite": "17137A",
            "libelleSite": "LEVALLOIS PERRET EIFFEL BP",
            "adresse": "22BIS RUE D ALSACE",
            "codePostal": "92300",
            "localite": "LEVALLOIS PERRET",
            "telephoneIndigo": "3631",
            "telephoneStandard": "0155210064",
            "lng": "2.295745",
            "lat": "48.891595",
            "etat": {
                "date": "2014-03-10T12:43:09+01:00",
                "ouvert": true,
                "dateChangement": "2014-03-10T18:30:00+01:00"
            }
        },
        {
            "codeSite": "17117A",
            "libelleSite": "LEVALLOIS FRONT DE SEINE BP",
            "adresse": "44 AVENUE GEORGES POMPIDOU",
            "codePostal": "92300",
            "localite": "LEVALLOIS PERRET",
            "telephoneIndigo": "3631",
            "telephoneStandard": "0141059212",
            "lng": "2.283361",
            "lat": "48.899166",
            "etat": {
                "date": "2014-03-10T12:43:10+01:00",
                "ouvert": true,
                "dateChangement": "2014-03-10T18:00:00+01:00"
            }
        },
        {
            "codeSite": "14362A",
            "libelleSite": "PARIS GOUVION SAINT CYR",
            "adresse": "79 RUE BAYEN",
            "codePostal": "75017",
            "localite": "PARIS",
            "telephoneIndigo": "3631",
            "telephoneStandard": "0155377107",
            "lng": "2.289277",
            "lat": "48.884097",
            "etat": {
                "date": "2014-03-10T12:43:10+01:00",
                "ouvert": true,
                "dateChangement": "2014-03-10T20:00:00+01:00"
            }
        },
        {
            "codeSite": "17089A",
            "libelleSite": "NEUILLY BINEAU BP",
            "adresse": "149 BOULEVARD BINEAU",
            "codePostal": "92200",
            "localite": "NEUILLY SUR SEINE",
            "telephoneIndigo": "3631",
            "telephoneStandard": "0140888200",
            "lng": "2.270941",
            "lat": "48.889993",
            "etat": {
                "date": "2014-03-10T12:43:11+01:00",
                "ouvert": true,
                "dateChangement": "2014-03-10T19:00:00+01:00"
            }
        },
        {
            "codeSite": "17142A",
            "libelleSite": "ASNIERES DENIS PAPIN BP",
            "adresse": "6 RUE DENIS PAPIN",
            "codePostal": "92600",
            "localite": "ASNIERES SUR SEINE",
            "telephoneIndigo": "3631",
            "telephoneStandard": "0141323110",
            "lng": "2.283326",
            "lat": "48.906391",
            "etat": {
                "date": "2014-03-10T12:43:11+01:00",
                "ouvert": false,
                "dateChangement": "2014-03-10T14:00:00+01:00"
            }
        },
        {
            "codeSite": "14237A",
            "libelleSite": "PARIS 17 WAGRAM",
            "adresse": "108 AVENUE DE WAGRAM",
            "codePostal": "75017",
            "localite": "PARIS",
            "telephoneIndigo": "3631",
            "telephoneStandard": "0147646850",
            "lng": "2.302115",
            "lat": "48.883391",
            "etat": {
                "date": "2014-03-10T12:43:11+01:00",
                "ouvert": true,
                "dateChangement": "2014-03-10T20:00:00+01:00"
            }
        },
        {
            "codeSite": "17074A",
            "libelleSite": "CLICHY HOTEL DE VILLE",
            "adresse": "81 BOULEVARD JEAN JAURES",
            "codePostal": "92110",
            "localite": "CLICHY",
            "telephoneIndigo": "3631",
            "telephoneStandard": "0149680650",
            "lng": "2.304311",
            "lat": "48.902193",
            "etat": {
                "date": "2014-03-10T12:43:12+01:00",
                "ouvert": true,
                "dateChangement": "2014-03-10T19:00:00+01:00"
            }
        },
        {
            "codeSite": "14300A",
            "libelleSite": "PARIS TERNES",
            "adresse": "13 AVENUE NIEL",
            "codePostal": "75017",
            "localite": "PARIS",
            "telephoneIndigo": "3631",
            "telephoneStandard": "0153818368",
            "lng": "2.294705",
            "lat": "48.879695",
            "etat": {
                "date": "2014-03-10T12:43:12+01:00",
                "ouvert": true,
                "dateChangement": "2014-03-10T20:00:00+01:00"
            }
        },
        {
            "codeSite": "14315A",
            "libelleSite": "PARIS CARDINET BP",
            "adresse": "132 RUE DE SAUSSURE",
            "codePostal": "75017",
            "localite": "PARIS",
            "telephoneIndigo": "3631",
            "telephoneStandard": "0144292460",
            "lng": "2.308749",
            "lat": "48.888794",
            "etat": {
                "date": "2014-03-10T12:43:13+01:00",
                "ouvert": true,
                "dateChangement": "2014-03-10T19:00:00+01:00"
            }
        },
        {
            "codeSite": "17155A",
            "libelleSite": "NEUILLY SABLONS",
            "adresse": "4 RUE LOUIS PHILIPPE",
            "codePostal": "92200",
            "localite": "NEUILLY SUR SEINE",
            "telephoneIndigo": "3631",
            "telephoneStandard": "0147459070",
            "lng": "2.271497",
            "lat": "48.881797",
            "etat": {
                "date": "2014-03-10T12:43:13+01:00",
                "ouvert": true,
                "dateChangement": "2014-03-10T19:00:00+01:00"
            }
        },
        {
            "codeSite": "17119A",
            "libelleSite": "CLICHY VENDOME",
            "adresse": "106 RUE MARTRE",
            "codePostal": "92110",
            "localite": "CLICHY",
            "telephoneIndigo": "3631",
            "telephoneStandard": "0155469780",
            "lng": "2.304432",
            "lat": "48.904898",
            "etat": {
                "date": "2014-03-10T12:43:14+01:00",
                "ouvert": true,
                "dateChangement": "2014-03-10T19:00:00+01:00"
            }
        },
        {
            "codeSite": "14288A",
            "libelleSite": "PARIS GRANDE ARMEE",
            "adresse": "58 AVENUE DE LA GRANDE ARMEE",
            "codePostal": "75017",
            "localite": "PARIS",
            "telephoneIndigo": "3631",
            "telephoneStandard": "0155377038",
            "lng": "2.28645",
            "lat": "48.876798",
            "etat": {
                "date": "2014-03-10T12:43:14+01:00",
                "ouvert": true,
                "dateChangement": "2014-03-10T20:00:00+01:00"
            }
        },
        {
            "codeSite": "17110A",
            "libelleSite": "COURBEVOIE BECON",
            "adresse": "3 PLACE DE BELGIQUE",
            "codePostal": "92400",
            "localite": "COURBEVOIE",
            "telephoneIndigo": "3631",
            "telephoneStandard": "0141889920",
            "lng": "2.267516",
            "lat": "48.903498",
            "etat": {
                "date": "2014-03-10T12:43:14+01:00",
                "ouvert": true,
                "dateChangement": "2014-03-10T19:00:00+01:00"
            }
        },
        {
            "codeSite": "17064A",
            "libelleSite": "ASNIERES HOTEL DE VILLE",
            "adresse": "PLACE ARISTIDE BRIAND",
            "codePostal": "92600",
            "localite": "ASNIERES SUR SEINE",
            "telephoneIndigo": "3631",
            "telephoneStandard": "0146880900",
            "lng": "2.287917",
            "lat": "48.910492",
            "etat": {
                "date": "2014-03-10T12:43:15+01:00",
                "ouvert": true,
                "dateChangement": "2014-03-10T19:00:00+01:00"
            }
        },
        {
            "codeSite": "17103A",
            "libelleSite": "ASNIERES CHANZY",
            "adresse": "21 RUE PAUL BERT",
            "codePostal": "92600",
            "localite": "ASNIERES SUR SEINE",
            "telephoneIndigo": "3631",
            "telephoneStandard": "0156042040",
            "lng": "2.273697",
            "lat": "48.909892",
            "etat": {
                "date": "2014-03-10T12:43:15+01:00",
                "ouvert": false,
                "dateChangement": "2014-03-10T14:00:00+01:00"
            }
        },
        {
            "codeSite": "14329A",
            "libelleSite": "PARIS DEBUSSY",
            "adresse": "23 B RUE LEGENDRE",
            "codePostal": "75017",
            "localite": "PARIS",
            "telephoneIndigo": "3631",
            "telephoneStandard": "0144292470",
            "lng": "2.313698",
            "lat": "48.883897",
            "etat": {
                "date": "2014-03-10T12:43:16+01:00",
                "ouvert": true,
                "dateChangement": "2014-03-10T20:00:00+01:00"
            }
        },
        {
            "codeSite": "17134A",
            "libelleSite": "CLICHY VICTOR HUGO BP",
            "adresse": "25 BOULEVARD DU GENERAL LECLERC",
            "codePostal": "92110",
            "localite": "CLICHY",
            "telephoneIndigo": "3631",
            "telephoneStandard": "0149680180",
            "lng": "2.315967",
            "lat": "48.900398",
            "etat": {
                "date": "2014-03-10T12:43:16+01:00",
                "ouvert": true,
                "dateChangement": "2014-03-10T19:00:00+01:00"
            }
        },
        {
            "codeSite": "17076A",
            "libelleSite": "COURBEVOIE ARISTIDE BRIAND",
            "adresse": "14 BOULEVARD ARISTIDE BRIAND",
            "codePostal": "92400",
            "localite": "COURBEVOIE",
            "telephoneIndigo": "3631",
            "telephoneStandard": "0141880118",
            "lng": "2.257925",
            "lat": "48.899296",
            "etat": {
                "date": "2014-03-10T12:43:16+01:00",
                "ouvert": true,
                "dateChangement": "2014-03-10T19:00:00+01:00"
            }
        }
    ],
    "favorite": "17134A, 17076A",
    "token": "3d81fc38dd3d9e7967aed51be4373269"
}