{
    "bureaux": {
        "codeArticle": "A",
        "codeSite": "17083A",
        "libelleSite": "LEVALLOIS PERRET PRINCIPAL",
        "libelleTypeSite": "BUREAU CENTRE",
        "adresse": "31 RUE PAUL VAILLANT COUTURIER",
        "codePostal": "92300",
        "localite": "LEVALLOIS PERRET",
        "pays": "FRANCE",
        "telephoneStandard": "0140898156",
        "telecopie": "0140898147",
        "telephoneIndigo": "3631",
        "telephonePro": "3634",
        "lng": "2.280135",
        "lat": "48.894895",
        "changeur": "N",
        "codeRegate": "920440",
        "etat": {
            "date": "2014-03-10T10:58:21+01:00",
            "ouvert": true,
            "dateChangement": "2014-03-10T19:00:00+01:00"
        },
        "periodes": [
            {
                "debutPeriode": "01/01",
                "finPeriode": "31/12",
                "jours": {
                    "jour1": {
                        "plagesHoraires": [
                            {
                                "debutPlage": "08:00:00",
                                "finPlage": "19:00:00"
                            }
                        ]
                    },
                    "jour2": {
                        "plagesHoraires": [
                            {
                                "debutPlage": "08:00:00",
                                "finPlage": "19:00:00"
                            }
                        ]
                    },
                    "jour3": {
                        "plagesHoraires": [
                            {
                                "debutPlage": "08:00:00",
                                "finPlage": "19:00:00"
                            }
                        ]
                    },
                    "jour4": {
                        "plagesHoraires": [
                            {
                                "debutPlage": "08:00:00",
                                "finPlage": "19:00:00"
                            }
                        ]
                    },
                    "jour5": {
                        "plagesHoraires": [
                            {
                                "debutPlage": "08:00:00",
                                "finPlage": "19:00:00"
                            }
                        ]
                    },
                    "jour6": {
                        "plagesHoraires": [
                            {
                                "debutPlage": "08:30:00",
                                "finPlage": "12:30:00"
                            }
                        ]
                    }
                }
            }
        ],
        "fermeture": {
            "debutPeriodeJour": "21/04",
            "debutPeriodeHeure": "00:00:00",
            "finPeriodeJour": "21/04",
            "finPeriodeHeure": "23:59:00"
        },
        "limiteDepot": {
            "jour1": "16:30:00",
            "jour2": "16:30:00",
            "jour3": "16:30:00",
            "jour4": "16:30:00",
            "jour5": "16:30:00",
            "jour6": "12:00:00"
        },
        "services": {
            "telephoneCofi": "3631",
            "accesBureauMobiliteReduite": "N",
            "accesAutomateMobiliteReduite": "N",
            "guichetSpecifiqueMobiliteReduite": "N",
            "automate": "O",
            "cofi": "O",
            "photocopieur": "N",
            "dab": "N",
            "lisa": "N"
        }
    },
    "favorite": "17083A",
    "token": "b7e0b8ebb6a5ff120120b42036bb8c2d"
}