{
  "title":"LES ENVOIS SUIVIS",
  "products":[
    {
      "title":"Prêt à poster Lettre Suivie",
      "type":"../assets/images/suivi1.png",
      "link":"ficheProduit.html",
      "desc":"Une enveloppe pré-affranchie pour suivre votre courrier en toute tranquilité !",
      "format":"<span class=\"bold\">Disponible en 5 formats</span><br /><span class=\"grey\">20&nbsp;g - 50&nbsp;g - 100&nbsp;g - 250&nbsp;g - 500&nbsp;g</span>",
      "price":"<span class=\"bold\">À partir de</span> <span class=\"grey\">XX,XX €</span>"
    },
    {
      "title":"Prêt à Recommander Suivie",
      "type":"../assets/images/suivi2.png",
      "link":"ficheProduit.html",
      "desc":"La Lettre Recommandée pré-timbrée tout en un",
      "format":"<span class=\"bold\">Disponible en 2 formats</span><br /><span class=\"grey\">Déplié : format A4</span><br /><span class=\"grey\">Fermé : format demi A4</span>",
      "price":"<span class=\"bold\">À partir de</span> <span class=\"grey\">XX,XX €</span>"
    }
  ],
  "tracking": {
    "setLevel2": 4,
    "myPageLabel": "liste_resultats",
    "andPageChapter": "expedier_avec_suivi::choix_guide::_TYPE_"
  }
}
