{
  "data": {
    "json": {
      "resultPackageTracking": "app_3/data/fr_FR/packageTracking.json",
      "yourTracking": "app_3/data/fr_FR/yourTracking.json",
      "solutions": "app_3/data/fr_FR/solutions.json",
      "solution": "app_3/data/fr_FR/solution.json",
      "letters": "app_3/data/fr_FR/letters.json",
      "packages": "app_3/data/fr_FR/packages.json",
      "personals": "app_3/data/fr_FR/personals.json",
      "sendwithtracking": "app_3/data/fr_FR/sendWithTracking.json",
      "envoisuivitype": "app_3/data/fr_FR/envoiSuiviType.json",
      "envoisuividepart": "app_3/data/fr_FR/envoiSuiviDepart.json",
      "envoisuividepartfrance": "app_3/data/fr_FR/envoiSuiviDepartFrance.json",
      "envoisuividestination": "app_3/data/fr_FR/envoiSuiviDestination.json",
      "envoisuividestinationfrance": "app_3/data/fr_FR/envoiSuiviDestinationFrance.json",
      "envoisuivirecommander": "app_3/data/fr_FR/envoiSuiviRecommander.json",
      "choisirEnvoiSuivi": "app_3/data/fr_FR/choisirEnvoiSuivi.json",
      "ficheProduit": "app_3/data/fr_FR/ficheProduit.json",
      "livraisonColissimo": "app_3/data/fr_FR/livraisonColissimo.json",
      "monDomicile": "app_3/data/fr_FR/monDomicile.json",
      "trackingMessage": "app_3/data/fr_FR/trackingMessage.json"
    },
    "webservices": {
      "packageTracking": "http://mobile.laposte.digitas.fr/mobile/suivi/index.php"
    }
  },
  "labels":{
    "packageTrackingTitle": "INDIQUER LE NUMERO DE SUIVI",
    "packageTrackingText": "Pour rappel, votre numéro de suivi est composé de 13 caractères qui figurent sur la preuve de dépôt :",
    "packageTrackingPlaceholder": "Exemple : 8G44049467929",
    "packageTrackingSearch": "Recherche",
    "packageTrackingEmpty": "Veuillez saisir un numéro de suivi",
    "packageTrackingNumberError": "Numéro de suivi incorrect",
    "detail": "En détail",

    "history": "Voir l'historique",

    "needHelp": "Besoin d'aide ?"
  }
}
