{
  "title":"RECOMMANDÉ",
  "cat": [
    {
      "title":"",
      "links":[
        {
          "label":"Oui",
          "desc":"",
          "link":"choisirEnvoiSuivi.html",
          "type":""
        },
        {
          "label":"Non",
          "desc":"",
          "link":"choisirEnvoiSuivi.html",
          "type":""
        }
      ]
    }
  ],
  "tracking": {
    "setLevel2": 4,
    "myPageLabel": "recommande",
    "andPageChapter": "expedier_avec_suivi::choix_guide::_TYPE_"
  }
}
