{
  "title":"",
  "cat": [
    {
      "title":"SÉLECTIONNER LE PAYS<br />DE DÉPART",
      "links":[
        {
          "label":"France Métropolitaine",
          "desc":"",
          "link":"envoiSuiviDestination.html",
          "type":""
        },
        {
          "label":"Monaco",
          "desc":"",
          "link":"envoiSuiviDestination.html",
          "type":""
        },
        {
          "label":"Andorre",
          "desc":"",
          "link":"envoiSuiviDestination.html",
          "type":""
        }
      ]
    }
  ]
}
