{
  "title":"",
  "cat": [
    {
      "title":"SÉLECTIONNER <br />LA DESTINATION",
      "links":[
        {
          "label":"France Métropolitaine",
          "desc":"",
          "link":"envoiSuiviRecommander.html",
          "type":""
        },
        {
          "label":"Monaco",
          "desc":"",
          "link":"envoiSuiviRecommander.html",
          "type":""
        },
        {
          "label":"Andorre",
          "desc":"",
          "link":"envoiSuiviRecommander.html",
          "type":""
        }
      ]
    }
  ]
}
