{
  "title":"AU DÉPART DE",
  "cat": [
    {
      "title":"",
      "links":[
        {
          "label":"France",
          "desc":"France Métropolitaine,<br />Andorre, Monaco",
          "link":"envoiSuiviDepartFrance.html",
          "type":"../assets/images/france.png"
        },
        {
          "label":"DOM",
          "desc":"",
          "link":"envoiSuiviDestination.html",
          "type":"../assets/images/dom.png"
        }
      ]
    }
  ],
  "tracking": {
    "setLevel2": 4,
    "myPageLabel": "au_depart_de",
    "andPageChapter": "expedier_avec_suivi::choix_guide::_TYPE_"
  }
}
