{
  "title":"POUR UN ENVOI VERS",
  "cat": [
    {
      "title":"",
      "links":[
        {
          "label":"France",
          "desc":"France Métropolitaine,<br />Andorre, Monaco",
          "link":"envoiSuiviDestinationFrance.html",
          "type":"../assets/images/france.png"
        },
        {
          "label":"DOM",
          "desc":"",
          "link":"envoiSuiviRecommander.html",
          "type":"../assets/images/dom.png"
        },
        {
          "label":"International",
          "desc":"",
          "link":"envoiSuiviRecommander.html",
          "type":"../assets/images/international.png"
        }
      ]
    }
  ],
  "tracking": {
    "setLevel2": 4,
    "myPageLabel": "envoi_vers",
    "andPageChapter": "expedier_avec_suivi::choix_guide::_TYPE_"
  }
}
