{
  "products":[
    {
      "id":"65489",
      "name":"Prêt-à-poster lettre suivie",
      "desc":"Avec les enveloppes préaffranchies Prêt-à-poster lettre suivie, vous envoyez vos courriers importants en toute tranquillité : vous choisissez votre format et la distribution fait l’objet d’un suivi.",
      "image":"../assets/images/suivi1.png",
      "format": "<strong>Disponible en 6 formats :</strong><br />20g, 50g, 100g, 500g, 1kg",
      "prix": "<strong>A partir de</strong> XX,XX €",
      "links":[
        { "label":"Suivi", "link":"ficheProduitSuivi.html?code=65489" },
        { "label":"Utilisations", "link":"ficheProduitUtilisations.html?code=65489" },
        { "label":"Formats disponibles", "link":"ficheProduitFormats.html?code=65489" }
      ],
      "extras":{
        "suivi": {
          "title": "Suivi",
          "content": [
            {
              "type": "list",
              "data": [
                {"label": "<strong>Rapidité:</strong> vos colis sont livrés dans un délai indicatif de 5 à 7 jours ouvrés."},
                {"label": "<strong>Tranquillité:</strong> grâce à une gamme complète d’emballages préaffranchis et prêts à l’emploi. Une indemnisation de 23 € par kilo (dans la limite du poids maximum autorisé pour chaque format) ou une indemnisation optionnelle ad valorem jusqu'à 1 500 euros est prévue en cas de perte ou d’avarie."},
                {"label": "<strong>Confiance:</strong> une preuve de dépôt vous est remise au moment de l'envoi. La livraison du colis se fait uniquement contre signature et sur présentation d’un justificatif d’identité. En cas d'absence du destinataire, un avis de passage est laissé dans sa boîte aux lettres, avec les coordonnées du bureau de poste où retirer le colis. Il dispose alors de 15 jours consécutifs pour le récupérer."},
                {"label": "<strong>Traçabilité:</strong> grâce à l’outil de suivi en ligne, qui permet à tout instant d’être informé de l’acheminement du colis (suivi complet vers les DOM, Saint-Martin, Saint-Barthélemy et jusqu’au point de sortie de France métropolitaine vers les autres destinations)."}
              ]
            }
          ]
        },
        "utilisations": {
          "title": "Utilisations",
          "content": [
            {
              "type": "list",
              "data": [
                {"label": "Une offre tout-en-un incluant un emballage solide et adapté, l’affranchissement, une preuve de dépôt, une indemnisation intégrée, la livraison au destinataire contre signature et le suivi du colis, du dépôt à la livraison."},
                {"label": "Pour les envois de marchandises jusqu’à 7 kg."},
                {"label": "Valable à destination de la Guadeloupe, la Guyane, la Martinique, la Réunion, Saint-Martin, Saint-Barthélemy, Mayotte, Saint-Pierre-et-Miquelon, la Polynésie française, la Nouvelle Calédonie, Wallis et Futuna et les Terres australes et antarctiques françaises (TAAF)."}
              ]
            }
          ]
        },
        "formats": {
          "title": "Formats",
          "content": [
            {
              "type": "text",
              "data": [
                {"label": "Lorem ipsum Ea laborum reprehenderit est nulla dolor quis exercitation esse dolor culpa consectetur id minim reprehenderit dolor."},
                {"label": "Lorem ipsum Ut aliqua laborum aute exercitation ut dolore irure minim Excepteur aliqua consectetur dolore ut velit aliqua officia esse dolor consectetur ea dolor qui nulla officia Excepteur id in aute ea."}
              ]
            },
            {
              "type": "list",
              "data": [
                {
                  "label": "Lorem ipsum Adipisicing tempor sunt elit deserunt voluptate ut nulla exercitation eiusmod ex in consequat id anim ut Duis Duis officia ad.",
                  "content": [
                    {
                      "type": "list",
                      "data": [
                        {"label": "Lorem ipsum Quis labore non esse est ex magna Duis aliqua id dolor ullamco deserunt consequat adipisicing Ut esse dolore."},
                        {"label": "Lorem ipsum Dolor commodo pariatur Excepteur amet velit enim anim id aliquip quis ea pariatur magna anim."},
                        {"label": "Lorem ipsum Amet cillum anim mollit anim nulla sunt nulla cupidatat reprehenderit ut."}
                      ]
                    }
                  ]
                },
                {"label": "Lorem ipsum Cupidatat ut est sed enim magna pariatur fugiat Ut laborum in id deserunt tempor Excepteur velit do amet culpa exercitation."},
                {
                  "label": "1 bouteille jusqu’à 2 kg : 390 x 168 x 104 mm",
                  "content": [
                    {
                      "type": "text",
                      "data": [
                        {"label": "Lorem ipsum Amet dolor Ut Excepteur nostrud dolore sed sed dolore nulla enim eu sunt amet commodo nulla ut ullamco eiusmod dolor in in magna amet aliquip Duis amet sit qui."}
                      ]
                    }
                  ]
                }
              ]
            }
          ]
        }
      },
      "tracking": {
        "setLevel2": 4,
        "myPageLabel": "lettre_suivie",
        "andPageChapter": "expedier_avec_suivi::vue_d_ensemble::lettres_et_petits_objets"
      }
    },{
      "id":"65488",
      "name":"Prêt-à-poster lettre suivie",
      "desc":"Avec les enveloppes préaffranchies Prêt-à-poster lettre suivie, vous envoyez vos courriers importants en toute tranquillité : vous choisissez votre format et la distribution fait l’objet d’un suivi.",
      "image":"../assets/images/suivi1.png",
      "format": "<strong>Disponible en 6 formats :</strong><br />20g, 50g, 100g, 500g, 1kg",
      "prix": "<strong>A partir de</strong> XX,XX €",
      "links":[
        { "label":"Suivi", "link":"ficheProduitSuivi.html?code=65489" },
        { "label":"Utilisations", "link":"ficheProduitUtilisations.html?code=65489" },
        { "label":"Formats disponibles", "link":"ficheProduitFormats.html?code=65489" }
      ],
      "extras":{
        "suivi": {
          "title": "Suivi",
          "content": [
            {
              "type": "list",
              "data": [
                {"label": "<strong>Rapidité:</strong> vos colis sont livrés dans un délai indicatif de 5 à 7 jours ouvrés."},
                {"label": "<strong>Tranquillité:</strong> grâce à une gamme complète d’emballages préaffranchis et prêts à l’emploi. Une indemnisation de 23 € par kilo (dans la limite du poids maximum autorisé pour chaque format) ou une indemnisation optionnelle ad valorem jusqu'à 1 500 euros est prévue en cas de perte ou d’avarie."},
                {"label": "<strong>Confiance:</strong> une preuve de dépôt vous est remise au moment de l'envoi. La livraison du colis se fait uniquement contre signature et sur présentation d’un justificatif d’identité. En cas d'absence du destinataire, un avis de passage est laissé dans sa boîte aux lettres, avec les coordonnées du bureau de poste où retirer le colis. Il dispose alors de 15 jours consécutifs pour le récupérer."},
                {"label": "<strong>Traçabilité:</strong> grâce à l’outil de suivi en ligne, qui permet à tout instant d’être informé de l’acheminement du colis (suivi complet vers les DOM, Saint-Martin, Saint-Barthélemy et jusqu’au point de sortie de France métropolitaine vers les autres destinations)."}
              ]
            }
          ]
        },
        "utilisations": {
          "title": "Utilisations",
          "content": [
            {
              "type": "list",
              "data": [
                {"label": "Une offre tout-en-un incluant un emballage solide et adapté, l’affranchissement, une preuve de dépôt, une indemnisation intégrée, la livraison au destinataire contre signature et le suivi du colis, du dépôt à la livraison."},
                {"label": "Pour les envois de marchandises jusqu’à 7 kg."},
                {"label": "Valable à destination de la Guadeloupe, la Guyane, la Martinique, la Réunion, Saint-Martin, Saint-Barthélemy, Mayotte, Saint-Pierre-et-Miquelon, la Polynésie française, la Nouvelle Calédonie, Wallis et Futuna et les Terres australes et antarctiques françaises (TAAF)."}
              ]
            }
          ]
        },
        "formats": {
          "title": "Formats",
          "content": [
            {
              "type": "text",
              "data": [
                {"label": "Lorem ipsum Ea laborum reprehenderit est nulla dolor quis exercitation esse dolor culpa consectetur id minim reprehenderit dolor."},
                {"label": "Lorem ipsum Ut aliqua laborum aute exercitation ut dolore irure minim Excepteur aliqua consectetur dolore ut velit aliqua officia esse dolor consectetur ea dolor qui nulla officia Excepteur id in aute ea."}
              ]
            },
            {
              "type": "list",
              "data": [
                {
                  "label": "Lorem ipsum Adipisicing tempor sunt elit deserunt voluptate ut nulla exercitation eiusmod ex in consequat id anim ut Duis Duis officia ad.",
                  "content": [
                    {
                      "type": "list",
                      "data": [
                        {"label": "Lorem ipsum Quis labore non esse est ex magna Duis aliqua id dolor ullamco deserunt consequat adipisicing Ut esse dolore."},
                        {"label": "Lorem ipsum Dolor commodo pariatur Excepteur amet velit enim anim id aliquip quis ea pariatur magna anim."},
                        {"label": "Lorem ipsum Amet cillum anim mollit anim nulla sunt nulla cupidatat reprehenderit ut."}
                      ]
                    }
                  ]
                },
                {"label": "Lorem ipsum Cupidatat ut est sed enim magna pariatur fugiat Ut laborum in id deserunt tempor Excepteur velit do amet culpa exercitation."},
                {
                  "label": "1 bouteille jusqu’à 2 kg : 390 x 168 x 104 mm",
                  "content": [
                    {
                      "type": "text",
                      "data": [
                        {"label": "Lorem ipsum Amet dolor Ut Excepteur nostrud dolore sed sed dolore nulla enim eu sunt amet commodo nulla ut ullamco eiusmod dolor in in magna amet aliquip Duis amet sit qui."}
                      ]
                    }
                  ]
                }
              ]
            }
          ]
        }
      },
      "tracking": {
        "setLevel2": 4,
        "myPageLabel": "lettre_suivie",
        "andPageChapter": "expedier_avec_suivi::vue_d_ensemble::lettres_et_petits_objets"
      }
    }
  ]
}
