{
  "title":"SUIVI ENVOI INTÉGRÉ",
  "cat": [
    {
      "title":"",
      "links":[
        {
          "label":"Prêt-à-poster lettre suivie",
          "desc":"<span class='bold'>Poids :</span> 20&nbsp;g - 50&nbsp;g - 100&nbsp;g - 250&nbsp;g - 500&nbsp;g",
          "link":"ficheProduit.html",
          "type":"../assets/images/letter1.png"
        },
        {
          "label":"Prêt-à-recommander suivi",
          "desc":"<span class='bold'>Poids :</span> 20&nbsp;g",
          "link":"ficheProduit.html",
          "type":"../assets/images/letter2.png"
        },
        {
          "label":"Prêt-à-poster lettre max",
          "desc":"<span class='bold'>Poids :</span> 20&nbsp;g - 50&nbsp;g",
          "link":"ficheProduit.html",
          "type":"../assets/images/letter3.png"
        },
        {
          "label":"Postexport suivi",
          "desc":"<span class='bold'>Poids :</span> 1&nbsp;kg",
          "link":"ficheProduit.html",
          "type":"../assets/images/letter1.png"
        }
      ]
    }
  ],
  "tracking": {
    "setLevel2": 4,
    "myPageLabel": "lettres_et_petits_objets",
    "andPageChapter": "expedier_avec_suivi::vue_d_ensemble::lettres_et_petits_objets"
  }
}
