{
  "title": "FAITES LIVRER VOTRE COLIS<br />LÀ OÙ VOUS LE SOUHAITEZ",
  "links": [
    {
      "label": "Mon domicile",
      "desc": "La livraison à domicile sans rien<br />changer à vos habitudes",
      "link": "app_3/views/solution.html?type=domicile",
      "tracking": {
        "setLevel2": 4,
        "myPageLabel": "mon_domicile",
        "andPageChapter": "solutions_livraison_colissimo"
      }
    },
    {
      "label": "Mon commerçant",
      "desc": "La livraison chez le commerçant<br />de votre choix",
      "link": "app_3/views/solution.html?type=commercant",
      "tracking": {
        "setLevel2": 4,
        "myPageLabel": "mon_commercant",
        "andPageChapter": "solutions_livraison_colissimo"
      }
    },
    {
      "label": "Mon bureau de poste",
      "desc": "La livraison dans le bureau de poste<br />de votre choix",
      "link": "app_3/views/solution.html?type=bureaudeposte",
      "tracking": {
        "setLevel2": 4,
        "myPageLabel": "mon_bureau_de_poste",
        "andPageChapter": "solutions_livraison_colissimo"
      }
    },
    {
      "label": "Mon espace Cityssimo",
      "desc": "La livraison dans l'espace Cityssimo<br />de votre choix",
      "link": "app_3/views/solution.html?type=cityssimo",
      "tracking": {
        "setLevel2": 4,
        "myPageLabel": "mon_espace_cityssimo",
        "andPageChapter": "solutions_livraison_colissimo"
      }
    },
    {
      "label": "Mon rendez-vous",
      "desc": "La livraison à domicile sur<br />rendez-vous entre 17h et 21h30",
      "link": "app_3/views/solution.html?type=rendezvous",
      "tracking": {
        "setLevel2": 4,
        "myPageLabel": "mon_rendezvous",
        "andPageChapter": "solutions_livraison_colissimo"
      }
    }
  ],
  "tracking": {
    "setLevel2": 4,
    "myPageLabel": "solutions_livraison_colissimo",
    "andPageChapter": "solutions_livraison_colissimo"
  }
}
