{
  "title":"SUIVI ENVOI INTÉGRÉ",
  "cat": [
    {
      "title":"Colissimo",
      "links":[
        {
          "label":"Colissimo Emballage France",
          "desc":"",
          "link":"ficheProduit.html",
          "type":"../assets/images/package1.png"
        },
        {
          "label":"Colissimo Emballage Outre-Mer",
          "desc":"",
          "link":"ficheProduit.html",
          "type":"../assets/images/package2.png"
        },
        {
          "label":"Colissimo Emballage International",
          "desc":"",
          "link":"ficheProduit.html",
          "type":"../assets/images/package3.png"
        }
      ]
    },
    {
      "title":"Chronopost",
      "links":[
        {
          "label":"Chronopost emballages<br/>Prêt-à-expédier® chrono 13",
          "desc":"",
          "link":"ficheProduit.html",
          "type":"../assets/images/package1.png"
        },
        {
          "label":"Chronopost emballage<br/>Prêt-à-expédier® chrono KDO®",
          "desc":"",
          "link":"ficheProduit.html",
          "type":"../assets/images/package2.png"
        },
        {
          "label":"Chronopost emballages<br/>Prêt-à-expédier® Chrono Express",
          "desc":"",
          "link":"ficheProduit.html",
          "type":"../assets/images/package3.png"
        },
        {
          "label":"Chronopost<br/>Prêt-à-expédier® chrono express Union européenne",
          "desc":"",
          "link":"ficheProduit.html",
          "type":"../assets/images/package3.png"
        }
      ]
    }
  ],
  "tracking": {
    "setLevel2": 4,
    "myPageLabel": "colis",
    "andPageChapter": "expedier_avec_suivi::vue_d_ensemble"
  }
}
