{
  "title":"Envois Personnels",
  "cat": [
    {
      "title":"Courrier",
      "links":[
        {
          "label":"Lettre recommandée",
          "desc":"",
          "link":"ficheProduit.html",
          "type":"../assets/images/personal1.png"
        },
        {
          "label":"Lettre recommandée en ligne",
          "desc":"",
          "link":"ficheProduit.html",
          "type":"../assets/images/personal1.png"
        },
        {
          "label":"Avis de réception",
          "desc":"",
          "link":"ficheProduit.html",
          "type":"../assets/images/personal1.png"
        },
        {
          "label":"Contre remboursement",
          "desc":"",
          "link":"ficheProduit.html",
          "type":"../assets/images/personal1.png"
        },
        {
          "label":"Secur'export",
          "desc":"",
          "link":"ficheProduit.html",
          "type":"../assets/images/personal1.png"
        },
        {
          "label":"Export suivi",
          "desc":"",
          "link":"ficheProduit.html",
          "type":"../assets/images/personal1.png"
        }
      ]
    },
    {
      "title":"Colis",
      "links":[
        {
          "label":"Colissimo France",
          "desc":"",
          "link":"ficheProduit.html",
          "type":"../assets/images/package1.png"
        },
        {
          "label":"Colissimo Recommandé France",
          "desc":"",
          "link":"ficheProduit.html",
          "type":"../assets/images/package1.png"
        },
        {
          "label":"Colissimo Outre-Mer",
          "desc":"",
          "link":"ficheProduit.html",
          "type":"../assets/images/package2.png"
        },
        {
          "label":"Colissimo Recommandé Outre-Mer",
          "desc":"",
          "link":"ficheProduit.html",
          "type":"../assets/images/package2.png"
        },
        {
          "label":"Colissimo International",
          "desc":"",
          "link":"ficheProduit.html",
          "type":"../assets/images/package2.png"
        },
        {
          "label":"Affranchissement Chronopost chrono 10",
          "desc":"",
          "link":"ficheProduit.html",
          "type":"../assets/images/package2.png"
        },
        {
          "label":"Affranchissement Chronopost chrono 13",
          "desc":"",
          "link":"ficheProduit.html",
          "type":"../assets/images/package2.png"
        },
        {
          "label":"Affranchissement Chrono express Europe",
          "desc":"",
          "link":"ficheProduit.html",
          "type":"../assets/images/package2.png"
        },
        {
          "label":"Affranchissement Chrono classic Europe",
          "desc":"",
          "link":"ficheProduit.html",
          "type":"../assets/images/package2.png"
        },
        {
          "label":"Chrono express DOM",
          "desc":"",
          "link":"ficheProduit.html",
          "type":"../assets/images/package2.png"
        }
      ]
    }
  ],
  "tracking": {
    "setLevel2": 4,
    "myPageLabel": "envois_personnels",
    "andPageChapter": "expedier_avec_suivi::vue_d_ensemble::envois_personnels"
  }
}
