{
  "title":"",
  "cat": [
    {
      "title":"",
      "links":[
        {
          "label":"Expédier avec suivi,<br/><span class='bold'>vue d'ensemble</span>",
          "desc":"",
          "link":"solutions.html",
          "type":"../assets/images/link1.png"
        },
        {
          "label":"Expédier avec suivi,<br/><span class='bold'>choix guidé</span>",
          "desc":"",
          "link":"envoiSuiviType.html",
          "type":"../assets/images/link2.png"
        }
      ]
    }
  ],
  "tracking": {
    "setLevel2": 4,
    "myPageLabel": "accueil",
    "andPageChapter": "expedier_avec_suivi"
  }
}
