{
  "domicile": {
    "title": "Mon domicile",
    "desc": "Votre colis vous est remis en mains propres ou livré dans votre boîte aux lettres. Si sa taille ne permet pas une remise en boîte aux lettres, il sera mis à votre disposition dans le bureau de poste auquel vous êtes rattaché. Vous disposez de 10 jours ouvrables depuis l'arrivée de votre colis en bureau de poste pour venir le retirer. Passé ce délai, il sera retourné à l'expéditeur. Dans tous les cas vous êtes informé par courriel 24h avant la livraison de votre colis."
  },
  "commercant": {
    "title": "Mon commerçant",
    "desc": "Avec So Colissimo, vous pouvez choisir parmi l'un des nombreux commerçants, à proximité de votre domicile, de votre lieu de travail ou de vacances, auprès duquel vous souhaitez vous faire livrer. Vous serez informé de la disponibilité de votre colis par un courriel qui vous permettra de venir le retirer dans les 10 jours ouvrables. Passé ce délai, votre colis sera retourné à l'expéditeur."
  },
  "bureaudeposte": {
    "title": "Mon bureau de poste",
    "desc": "Désormais avec So Colissimo, vous pouvez choisir le bureau de poste dans lequel vous souhaitez vous faire livrer (sans passage préalable de votre facteur à domicile). Vous serez informé de la disponibilité de votre colis par SMS et par courriel, avec un bon de retrait vous permettant de venir le retirer en bureau dans les 10 jours ouvrables. Passé ce délai, votre colis sera retourné à l'expéditeur."
  },
  "cityssimo": {
    "title": "Mon espace Cityssimo",
    "desc": "Les espaces Cityssimo sont des sites de retrait automatiques des colis accessibles 7j/7 et 24h/24 (sauf espaces Cityssimo soumis aux horaires des galeries marchandes). Vous serez informé de la disponibilité de votre colis par courriel et SMS. Ce dernier vous précisera vos codes de retrait vous permettant de retirer votre colis dans les 10 jours ouvrables. Passé ce délai, votre colis sera retourné à l'expéditeur."
  },
  "rendezvous": {
    "title": "Mon rendez-vous",
    "desc": "Dès que votre colis sera disponible pour être livré, vous serez averti par courriel et sms. Vous pourrez ainsi sélectionner, du lundi au vendredi, le créneau horaire qui vous convient le mieux pour votre livraison : de 17h00 à 18h30, de 18h30 à 20h00 ou de 20h00 à 21h30. Vous aurez également la possibilité de vous faire livrer un autre jour dans un délai de 10 jours ouvrables. Passé ce délai votre colis sera retourné à l'expéditeur. Service proposé exclusivement sur Paris intra-muros."
  }
}
