{
  "cat": [
    {
      "title":"BOÎTES ET ENVELOPPES<br />PRÉ TIMBRÉES",
      "desc":"De nombreuses boîtes et enveloppes pré timbrées qui intègrent l’option de suivi d’envoi.",
      "links":[
        {
          "label":"Pour les lettres & petits objets",
          "link":"letters.html"
        },
        {
          "label":"Colis",
          "link":"packages.html"
        }
      ]
    },
    {
      "title":"BOÎTES ET ENVELOPPES<br />PERSONNELLES À AFFRANCHIR",
      "desc":"Quand vous expédiez un pli, vous pouvez choisir d’y ajouter l’option de suivi d’envoi.",
      "links":[
        {
          "label":"Plus de détails",
          "link":"personals.html"
        }
      ]
    }
  ],
  "tracking": {
    "setLevel2": 4,
    "myPageLabel": "solutions",
    "andPageChapter": "expedier_avec_suivi::vue_d_ensemble"
  }
}
