{
  "types": [
    {
      "type": "step1",
      "msg": [
        "Distribué",
        "Livraison effectuée",
        "Votre colis a été remis à un voisin",
        "Votre colis a été remis au gardien ou à l'accueil.",
        "Votre colis est livré."
      ]
    },
    {
      "type": "step2",
      "msg": [
        "Arrivée",
        "Arrivée en France",
        "Envoi arrivé au SAV agence",
        "Votre colis est arrivé sur son site de distribution"
      ]
    },
    {
      "type": "step3",
      "msg": [
        "En cours de traitement",
        "Envoi en cours de livraison",
        "Pris en charge",
        "Votre colis est prêt à être expédié, il n'est pas encore pris en charge par La Poste.",
        "Votre colis est prêt à être livré",
        "Votre colis est pris en charge par La Poste. Il est en cours d'acheminement",
        "Votre colis est retenu par nos services dans l'attente de son dédouanement.",
        "Votre colis a été déposé au bureau de poste après l'heure limite de dépôt. Il sera expédié dès le prochain jour ouvré.",
        "Le colis n'a pu être remis à son Destinataire lors de notre passage et il en a été informé. Le colis sera adressé au Bureau de poste du Destinataire."
      ]
    },
    {
      "type": "step4",
      "msg": [
        "Départ",
        "Départ de France",
        "Votre colis a quitté le territoire"
      ]
    },
    {
      "type": "step5",
      "msg": [
        "Lettre de transport annulée par l'expéditeur",
        "Tentative de distribution infructueuse"
      ]
    }
  ]
}
